INFO:     Started server process [2950659]
INFO:     Waiting for application startup.
{"timestamp": "2026-04-04T14:31:56.004007+00:00", "level": "info", "logger": "app.main", "message": "app_starting", "app": "dSFC-Quant", "env": "development", "service": "backend", "app_mode": "mock"}
{"timestamp": "2026-04-04T14:31:56.004781+00:00", "level": "info", "logger": "app.services.event_bus", "message": "event_published", "app": "dSFC-Quant", "env": "development", "event_id": "55349f45-39a8-42f8-b987-866f045574f5", "event_type": "market.tick", "source": "backend"}
{"timestamp": "2026-04-04T14:31:56.005258+00:00", "level": "info", "logger": "app.services.event_bus", "message": "event_published", "app": "dSFC-Quant", "env": "development", "event_id": "725f78a8-7c37-4288-b765-a84ca3c7c29a", "event_type": "market.tick", "source": "backend"}
{"timestamp": "2026-04-04T14:31:56.006412+00:00", "level": "info", "logger": "app.services.event_bus", "message": "event_published", "app": "dSFC-Quant", "env": "development", "event_id": "883ec9e1-ac59-403e-a238-99c985bd5c27", "event_type": "market.tick", "source": "backend"}
{"timestamp": "2026-04-04T14:31:56.006994+00:00", "level": "info", "logger": "app.services.event_bus", "message": "event_published", "app": "dSFC-Quant", "env": "development", "event_id": "2ce44ce4-aedc-4651-a53d-1da1935e161e", "event_type": "market.tick", "source": "backend"}
INFO:     Application startup complete.
INFO:     Uvicorn running on http://0.0.0.0:8000 (Press CTRL+C to quit)
{"timestamp": "2026-04-04T14:31:59.008770+00:00", "level": "info", "logger": "app.services.event_bus", "message": "event_published", "app": "dSFC-Quant", "env": "development", "event_id": "3e089bf5-0a9c-4815-b0b4-ce9bcca4419d", "event_type": "market.tick", "source": "backend"}
{"timestamp": "2026-04-04T14:31:59.010361+00:00", "level": "info", "logger": "app.services.event_bus", "message": "event_published", "app": "dSFC-Quant", "env": "development", "event_id": "7aa397c4-62c5-4c9c-b4c5-2eb3cbeb21c9", "event_type": "market.tick", "source": "backend"}
{"timestamp": "2026-04-04T14:31:59.011844+00:00", "level": "info", "logger": "app.services.event_bus", "message": "event_published", "app": "dSFC-Quant", "env": "development", "event_id": "5f972fe0-7e7d-4470-9fd6-668b2fcd8bfc", "event_type": "market.tick", "source": "backend"}
{"timestamp": "2026-04-04T14:31:59.013318+00:00", "level": "info", "logger": "app.services.event_bus", "message": "event_published", "app": "dSFC-Quant", "env": "development", "event_id": "51238714-a2e3-4732-8b52-09e18e4d88cf", "event_type": "market.tick", "source": "backend"}
{"timestamp": "2026-04-04T14:32:02.014922+00:00", "level": "info", "logger": "app.services.event_bus", "message": "event_published", "app": "dSFC-Quant", "env": "development", "event_id": "7f1b07c8-6d1a-4e6d-a99c-c201b97627db", "event_type": "market.tick", "source": "backend"}
{"timestamp": "2026-04-04T14:32:02.015933+00:00", "level": "info", "logger": "app.services.event_bus", "message": "event_published", "app": "dSFC-Quant", "env": "development", "event_id": "94cc6e51-743f-4e71-93f7-57a66e8d562b", "event_type": "market.tick", "source": "backend"}
{"timestamp": "2026-04-04T14:32:02.016887+00:00", "level": "info", "logger": "app.services.event_bus", "message": "event_published", "app": "dSFC-Quant", "env": "development", "event_id": "e95fb70d-073e-4386-ad8e-5f12e1027975", "event_type": "market.tick", "source": "backend"}
{"timestamp": "2026-04-04T14:32:02.017837+00:00", "level": "info", "logger": "app.services.event_bus", "message": "event_published", "app": "dSFC-Quant", "env": "development", "event_id": "6d4333f2-475d-4a8d-ac51-0bfc82db8589", "event_type": "market.tick", "source": "backend"}
{"timestamp": "2026-04-04T14:32:05.019202+00:00", "level": "info", "logger": "app.services.event_bus", "message": "event_published", "app": "dSFC-Quant", "env": "development", "event_id": "f4a8d0a0-6a05-4c43-9a3b-10172321ec68", "event_type": "market.tick", "source": "backend"}
{"timestamp": "2026-04-04T14:32:05.020015+00:00", "level": "info", "logger": "app.services.event_bus", "message": "event_published", "app": "dSFC-Quant", "env": "development", "event_id": "f0589ef5-5d77-4a82-a4c2-a8982e792709", "event_type": "market.tick", "source": "backend"}
{"timestamp": "2026-04-04T14:32:05.020776+00:00", "level": "info", "logger": "app.services.event_bus", "message": "event_published", "app": "dSFC-Quant", "env": "development", "event_id": "3c52a190-2b32-4113-aa5e-d38963f34205", "event_type": "market.tick", "source": "backend"}
{"timestamp": "2026-04-04T14:32:05.021521+00:00", "level": "info", "logger": "app.services.event_bus", "message": "event_published", "app": "dSFC-Quant", "env": "development", "event_id": "a8572012-6735-48e5-9151-976f1bb093a9", "event_type": "market.tick", "source": "backend"}
{"timestamp": "2026-04-04T14:32:08.022853+00:00", "level": "info", "logger": "app.services.event_bus", "message": "event_published", "app": "dSFC-Quant", "env": "development", "event_id": "d4859714-6afd-4d79-a9c6-46ab57f1aabc", "event_type": "market.tick", "source": "backend"}
{"timestamp": "2026-04-04T14:32:08.024404+00:00", "level": "info", "logger": "app.services.event_bus", "message": "event_published", "app": "dSFC-Quant", "env": "development", "event_id": "f7cfb5de-7253-4f96-95ef-bc38d6c157fd", "event_type": "market.tick", "source": "backend"}
{"timestamp": "2026-04-04T14:32:08.025917+00:00", "level": "info", "logger": "app.services.event_bus", "message": "event_published", "app": "dSFC-Quant", "env": "development", "event_id": "91f73ba9-4466-4aaa-8e1a-485fc764daac", "event_type": "market.tick", "source": "backend"}
{"timestamp": "2026-04-04T14:32:08.027600+00:00", "level": "info", "logger": "app.services.event_bus", "message": "event_published", "app": "dSFC-Quant", "env": "development", "event_id": "25676d0d-8099-43f3-83b7-40020bbd0a94", "event_type": "market.tick", "source": "backend"}
{"timestamp": "2026-04-04T14:32:11.029709+00:00", "level": "info", "logger": "app.services.event_bus", "message": "event_published", "app": "dSFC-Quant", "env": "development", "event_id": "0bd2d780-0566-4dec-8723-b34636abb186", "event_type": "market.tick", "source": "backend"}
{"timestamp": "2026-04-04T14:32:11.031320+00:00", "level": "info", "logger": "app.services.event_bus", "message": "event_published", "app": "dSFC-Quant", "env": "development", "event_id": "76ebf16e-fbaa-4b80-b2bd-dd58c84a66dd", "event_type": "market.tick", "source": "backend"}
{"timestamp": "2026-04-04T14:32:11.032792+00:00", "level": "info", "logger": "app.services.event_bus", "message": "event_published", "app": "dSFC-Quant", "env": "development", "event_id": "33faadaf-188b-4a57-8e7b-b5cea88fec59", "event_type": "market.tick", "source": "backend"}
{"timestamp": "2026-04-04T14:32:11.034296+00:00", "level": "info", "logger": "app.services.event_bus", "message": "event_published", "app": "dSFC-Quant", "env": "development", "event_id": "52c4a62e-76e0-4a59-857c-62e51937005c", "event_type": "market.tick", "source": "backend"}
{"timestamp": "2026-04-04T14:32:14.036441+00:00", "level": "info", "logger": "app.services.event_bus", "message": "event_published", "app": "dSFC-Quant", "env": "development", "event_id": "cf474e3a-af05-43da-91c4-913ac00f7126", "event_type": "market.tick", "source": "backend"}
{"timestamp": "2026-04-04T14:32:14.038021+00:00", "level": "info", "logger": "app.services.event_bus", "message": "event_published", "app": "dSFC-Quant", "env": "development", "event_id": "33df122c-082f-43ba-816d-84e48c430b63", "event_type": "market.tick", "source": "backend"}
{"timestamp": "2026-04-04T14:32:14.039526+00:00", "level": "info", "logger": "app.services.event_bus", "message": "event_published", "app": "dSFC-Quant", "env": "development", "event_id": "a574fe00-51c5-4dca-b37d-2a99cfb9117a", "event_type": "market.tick", "source": "backend"}
{"timestamp": "2026-04-04T14:32:14.040991+00:00", "level": "info", "logger": "app.services.event_bus", "message": "event_published", "app": "dSFC-Quant", "env": "development", "event_id": "c74dbabb-8fd1-4bd9-90c9-4a58aa4e93e2", "event_type": "market.tick", "source": "backend"}
{"timestamp": "2026-04-04T14:32:17.043166+00:00", "level": "info", "logger": "app.services.event_bus", "message": "event_published", "app": "dSFC-Quant", "env": "development", "event_id": "a827171b-2546-4b9e-8bbe-851bd2433dae", "event_type": "market.tick", "source": "backend"}
{"timestamp": "2026-04-04T14:32:17.044732+00:00", "level": "info", "logger": "app.services.event_bus", "message": "event_published", "app": "dSFC-Quant", "env": "development", "event_id": "4d198ec0-42c2-4bac-8fe1-b414d3053760", "event_type": "market.tick", "source": "backend"}
{"timestamp": "2026-04-04T14:32:17.046243+00:00", "level": "info", "logger": "app.services.event_bus", "message": "event_published", "app": "dSFC-Quant", "env": "development", "event_id": "88f093c2-34f3-4ce0-971e-fd61a7a85a78", "event_type": "market.tick", "source": "backend"}
{"timestamp": "2026-04-04T14:32:17.047684+00:00", "level": "info", "logger": "app.services.event_bus", "message": "event_published", "app": "dSFC-Quant", "env": "development", "event_id": "235a885e-2779-436d-8379-806509ac5c50", "event_type": "market.tick", "source": "backend"}
{"timestamp": "2026-04-04T14:32:20.050480+00:00", "level": "info", "logger": "app.services.event_bus", "message": "event_published", "app": "dSFC-Quant", "env": "development", "event_id": "abf34940-07af-4453-8e08-16896c81d475", "event_type": "market.tick", "source": "backend"}
{"timestamp": "2026-04-04T14:32:20.052038+00:00", "level": "info", "logger": "app.services.event_bus", "message": "event_published", "app": "dSFC-Quant", "env": "development", "event_id": "66ded57c-a2ff-484e-b1a4-c41a975de539", "event_type": "market.tick", "source": "backend"}
{"timestamp": "2026-04-04T14:32:20.053533+00:00", "level": "info", "logger": "app.services.event_bus", "message": "event_published", "app": "dSFC-Quant", "env": "development", "event_id": "15d3e1ec-495d-4fc3-a983-ebfd38ea01a5", "event_type": "market.tick", "source": "backend"}
{"timestamp": "2026-04-04T14:32:20.055042+00:00", "level": "info", "logger": "app.services.event_bus", "message": "event_published", "app": "dSFC-Quant", "env": "development", "event_id": "ffc20a14-9bcf-468b-84f5-84e1267c7457", "event_type": "market.tick", "source": "backend"}
INFO:     127.0.0.1:58346 - "GET /api/diagnostics/summary HTTP/1.1" 200 OK
INFO:     127.0.0.1:58352 - "GET /api/workflow/snapshot?symbol=BTC/USDT&timeframe=1m HTTP/1.1" 200 OK
INFO:     127.0.0.1:58338 - "GET /health HTTP/1.1" 200 OK
{"timestamp": "2026-04-04T14:32:23.056832+00:00", "level": "info", "logger": "app.services.event_bus", "message": "event_published", "app": "dSFC-Quant", "env": "development", "event_id": "af6cf4e1-7fde-4d92-9e68-a822cb7000fa", "event_type": "market.tick", "source": "backend"}
{"timestamp": "2026-04-04T14:32:23.058479+00:00", "level": "info", "logger": "app.services.event_bus", "message": "event_published", "app": "dSFC-Quant", "env": "development", "event_id": "e330a766-58c8-46e9-a985-20c7c585b466", "event_type": "market.tick", "source": "backend"}
{"timestamp": "2026-04-04T14:32:23.059989+00:00", "level": "info", "logger": "app.services.event_bus", "message": "event_published", "app": "dSFC-Quant", "env": "development", "event_id": "2ee2e8ee-2a70-468c-8c2c-60ab945f33fa", "event_type": "market.tick", "source": "backend"}
{"timestamp": "2026-04-04T14:32:23.061477+00:00", "level": "info", "logger": "app.services.event_bus", "message": "event_published", "app": "dSFC-Quant", "env": "development", "event_id": "8c2437f2-aeed-41d7-88bd-a80a6e076511", "event_type": "market.tick", "source": "backend"}
{"timestamp": "2026-04-04T14:32:26.067764+00:00", "level": "info", "logger": "app.services.event_bus", "message": "event_published", "app": "dSFC-Quant", "env": "development", "event_id": "863f79cf-bb0c-4f95-9c54-7ca80980272b", "event_type": "market.tick", "source": "backend"}
{"timestamp": "2026-04-04T14:32:26.069475+00:00", "level": "info", "logger": "app.services.event_bus", "message": "event_published", "app": "dSFC-Quant", "env": "development", "event_id": "7d35cad2-5c93-4568-88db-ad34b92a496f", "event_type": "market.tick", "source": "backend"}
{"timestamp": "2026-04-04T14:32:26.071069+00:00", "level": "info", "logger": "app.services.event_bus", "message": "event_published", "app": "dSFC-Quant", "env": "development", "event_id": "86ba9842-7968-44f6-a064-ce46eee955ea", "event_type": "market.tick", "source": "backend"}
{"timestamp": "2026-04-04T14:32:26.072490+00:00", "level": "info", "logger": "app.services.event_bus", "message": "event_published", "app": "dSFC-Quant", "env": "development", "event_id": "d91269ef-2b32-4a5f-b06c-c551b29043d6", "event_type": "market.tick", "source": "backend"}
{"timestamp": "2026-04-04T14:32:29.075505+00:00", "level": "info", "logger": "app.services.event_bus", "message": "event_published", "app": "dSFC-Quant", "env": "development", "event_id": "f9d4a839-1c3d-4162-b119-2aa90fd59d83", "event_type": "market.tick", "source": "backend"}
{"timestamp": "2026-04-04T14:32:29.077181+00:00", "level": "info", "logger": "app.services.event_bus", "message": "event_published", "app": "dSFC-Quant", "env": "development", "event_id": "bc0d2dd0-925d-4bbc-ab40-96b13b01d7f6", "event_type": "market.tick", "source": "backend"}
{"timestamp": "2026-04-04T14:32:29.078800+00:00", "level": "info", "logger": "app.services.event_bus", "message": "event_published", "app": "dSFC-Quant", "env": "development", "event_id": "fe0332ac-94ec-4089-87a6-0be8d8c4977e", "event_type": "market.tick", "source": "backend"}
{"timestamp": "2026-04-04T14:32:29.080381+00:00", "level": "info", "logger": "app.services.event_bus", "message": "event_published", "app": "dSFC-Quant", "env": "development", "event_id": "b4ad4aa8-ce7e-4eab-92b3-01e26bdc12a1", "event_type": "market.tick", "source": "backend"}
{"timestamp": "2026-04-04T14:32:29.188649+00:00", "level": "info", "logger": "httpx", "message": "HTTP Request: GET https://api.stlouisfed.org/fred/series/observations?series_id=FEDFUNDS&limit=1&sort_order=desc&file_type=json&api_key=24514ad7239a8def9e2da5297407c4e8 \"HTTP/1.1 200 OK\"", "app": "dSFC-Quant", "env": "development"}
{"timestamp": "2026-04-04T14:32:29.541327+00:00", "level": "info", "logger": "httpx", "message": "HTTP Request: GET https://api.stlouisfed.org/fred/series/observations?series_id=DGS10&limit=1&sort_order=desc&file_type=json&api_key=24514ad7239a8def9e2da5297407c4e8 \"HTTP/1.1 200 OK\"", "app": "dSFC-Quant", "env": "development"}
{"timestamp": "2026-04-04T14:32:29.780522+00:00", "level": "info", "logger": "httpx", "message": "HTTP Request: GET https://finnhub.io/api/v1/news?category=crypto&token=d735kghr01qn7f07n09gd735kghr01qn7f07n0a0 \"HTTP/1.1 200 OK\"", "app": "dSFC-Quant", "env": "development"}
{"timestamp": "2026-04-04T14:32:30.167261+00:00", "level": "info", "logger": "httpx", "message": "HTTP Request: GET https://api.eia.gov/v2/petroleum/pri/spt/data/?frequency=daily&data%5B0%5D=value&facets%5Bproduct%5D%5B%5D=EPCWTI&sort%5B0%5D%5Bcolumn%5D=period&sort%5B0%5D%5Bdirection%5D=desc&length=1&api_key=yiRc70KBJlRnMPNRgeYnvqzypXDwJrZU45VTqkge \"HTTP/1.1 200 OK\"", "app": "dSFC-Quant", "env": "development"}
{"timestamp": "2026-04-04T14:32:31.429156+00:00", "level": "info", "logger": "httpx", "message": "HTTP Request: GET https://api.stlouisfed.org/fred/series/observations?series_id=DGS2&limit=1&sort_order=desc&file_type=json&api_key=24514ad7239a8def9e2da5297407c4e8 \"HTTP/1.1 200 OK\"", "app": "dSFC-Quant", "env": "development"}
{"timestamp": "2026-04-04T14:32:31.735447+00:00", "level": "info", "logger": "httpx", "message": "HTTP Request: GET https://api.stlouisfed.org/fred/series/observations?series_id=DTWEXBGS&limit=1&sort_order=desc&file_type=json&api_key=24514ad7239a8def9e2da5297407c4e8 \"HTTP/1.1 200 OK\"", "app": "dSFC-Quant", "env": "development"}
{"timestamp": "2026-04-04T14:32:32.082195+00:00", "level": "info", "logger": "app.services.event_bus", "message": "event_published", "app": "dSFC-Quant", "env": "development", "event_id": "79f5cd25-80ba-4ed1-a63c-7eb0d86cc0c3", "event_type": "market.tick", "source": "backend"}
{"timestamp": "2026-04-04T14:32:32.083788+00:00", "level": "info", "logger": "app.services.event_bus", "message": "event_published", "app": "dSFC-Quant", "env": "development", "event_id": "2f816a9e-1af8-4aec-8ab0-e30e9b0269d2", "event_type": "market.tick", "source": "backend"}
{"timestamp": "2026-04-04T14:32:32.085346+00:00", "level": "info", "logger": "app.services.event_bus", "message": "event_published", "app": "dSFC-Quant", "env": "development", "event_id": "c104773f-7a4e-499a-b4ee-693dd484e155", "event_type": "market.tick", "source": "backend"}
{"timestamp": "2026-04-04T14:32:32.086910+00:00", "level": "info", "logger": "app.services.event_bus", "message": "event_published", "app": "dSFC-Quant", "env": "development", "event_id": "b7186755-b868-4e7e-a6fa-d53503e55d97", "event_type": "market.tick", "source": "backend"}
{"timestamp": "2026-04-04T14:32:35.089020+00:00", "level": "info", "logger": "app.services.event_bus", "message": "event_published", "app": "dSFC-Quant", "env": "development", "event_id": "a43d55b7-17bb-4a82-9fa1-10e2d4b0daa9", "event_type": "market.tick", "source": "backend"}
{"timestamp": "2026-04-04T14:32:35.090610+00:00", "level": "info", "logger": "app.services.event_bus", "message": "event_published", "app": "dSFC-Quant", "env": "development", "event_id": "4e4ee40d-6678-4e90-80fb-25bc77c5dc3e", "event_type": "market.tick", "source": "backend"}
{"timestamp": "2026-04-04T14:32:35.092111+00:00", "level": "info", "logger": "app.services.event_bus", "message": "event_published", "app": "dSFC-Quant", "env": "development", "event_id": "f5367e22-2078-47c4-b4f2-c7e75ae9d5a8", "event_type": "market.tick", "source": "backend"}
{"timestamp": "2026-04-04T14:32:35.093607+00:00", "level": "info", "logger": "app.services.event_bus", "message": "event_published", "app": "dSFC-Quant", "env": "development", "event_id": "20035ff6-5fe4-4db1-9f65-41eae4abc392", "event_type": "market.tick", "source": "backend"}
{"timestamp": "2026-04-04T14:32:38.095047+00:00", "level": "info", "logger": "app.services.event_bus", "message": "event_published", "app": "dSFC-Quant", "env": "development", "event_id": "fe44bd9a-13e5-4e35-8258-12bb4dc90622", "event_type": "market.tick", "source": "backend"}
{"timestamp": "2026-04-04T14:32:38.095843+00:00", "level": "info", "logger": "app.services.event_bus", "message": "event_published", "app": "dSFC-Quant", "env": "development", "event_id": "e867ba88-bf89-4f47-a364-206e1a0baff4", "event_type": "market.tick", "source": "backend"}
{"timestamp": "2026-04-04T14:32:38.096594+00:00", "level": "info", "logger": "app.services.event_bus", "message": "event_published", "app": "dSFC-Quant", "env": "development", "event_id": "bf6a8902-e47b-4a5b-b4c3-d544df6167ec", "event_type": "market.tick", "source": "backend"}
{"timestamp": "2026-04-04T14:32:38.097454+00:00", "level": "info", "logger": "app.services.event_bus", "message": "event_published", "app": "dSFC-Quant", "env": "development", "event_id": "045d382b-d114-4a6f-934d-a0bdd2572a39", "event_type": "market.tick", "source": "backend"}
{"timestamp": "2026-04-04T14:32:41.099464+00:00", "level": "info", "logger": "app.services.event_bus", "message": "event_published", "app": "dSFC-Quant", "env": "development", "event_id": "2a5f4195-a55c-4db7-be6c-536548b3125d", "event_type": "market.tick", "source": "backend"}
{"timestamp": "2026-04-04T14:32:41.101267+00:00", "level": "info", "logger": "app.services.event_bus", "message": "event_published", "app": "dSFC-Quant", "env": "development", "event_id": "833c5f7b-5811-4901-8622-fb91c27142e8", "event_type": "market.tick", "source": "backend"}
{"timestamp": "2026-04-04T14:32:41.102868+00:00", "level": "info", "logger": "app.services.event_bus", "message": "event_published", "app": "dSFC-Quant", "env": "development", "event_id": "1fd669d8-f08b-4aa9-9ccc-f45f296cee16", "event_type": "market.tick", "source": "backend"}
{"timestamp": "2026-04-04T14:32:41.104418+00:00", "level": "info", "logger": "app.services.event_bus", "message": "event_published", "app": "dSFC-Quant", "env": "development", "event_id": "01478acc-364c-4910-9cca-5b0d58b62334", "event_type": "market.tick", "source": "backend"}
{"timestamp": "2026-04-04T14:32:42.926748+00:00", "level": "info", "logger": "app.services.event_bus", "message": "event_published", "app": "dSFC-Quant", "env": "development", "event_id": "6b032f09-d0dc-4de4-a393-3d92c84b0838", "event_type": "agent.analysis.requested", "source": "primoagent"}
{"timestamp": "2026-04-04T14:32:44.106842+00:00", "level": "info", "logger": "app.services.event_bus", "message": "event_published", "app": "dSFC-Quant", "env": "development", "event_id": "ef71da2b-5406-4b31-b4f1-ea69de96d253", "event_type": "market.tick", "source": "backend"}
{"timestamp": "2026-04-04T14:32:44.108437+00:00", "level": "info", "logger": "app.services.event_bus", "message": "event_published", "app": "dSFC-Quant", "env": "development", "event_id": "22104d83-fdcf-4ddc-bfe8-abbe9135e623", "event_type": "market.tick", "source": "backend"}
{"timestamp": "2026-04-04T14:32:44.110001+00:00", "level": "info", "logger": "app.services.event_bus", "message": "event_published", "app": "dSFC-Quant", "env": "development", "event_id": "ccee183e-2c93-4feb-903c-7e863d038a69", "event_type": "market.tick", "source": "backend"}
{"timestamp": "2026-04-04T14:32:44.111507+00:00", "level": "info", "logger": "app.services.event_bus", "message": "event_published", "app": "dSFC-Quant", "env": "development", "event_id": "a75e5114-7a5e-436b-95b9-cfd470709763", "event_type": "market.tick", "source": "backend"}
{"timestamp": "2026-04-04T14:32:47.113913+00:00", "level": "info", "logger": "app.services.event_bus", "message": "event_published", "app": "dSFC-Quant", "env": "development", "event_id": "3489447b-247e-438b-a859-dac9e82cfb14", "event_type": "market.tick", "source": "backend"}
{"timestamp": "2026-04-04T14:32:47.115530+00:00", "level": "info", "logger": "app.services.event_bus", "message": "event_published", "app": "dSFC-Quant", "env": "development", "event_id": "c27eecc1-8a68-4d42-83cd-55cbfd824849", "event_type": "market.tick", "source": "backend"}
{"timestamp": "2026-04-04T14:32:47.117062+00:00", "level": "info", "logger": "app.services.event_bus", "message": "event_published", "app": "dSFC-Quant", "env": "development", "event_id": "fa1e3251-8adb-4d86-b1b0-411d804fca03", "event_type": "market.tick", "source": "backend"}
{"timestamp": "2026-04-04T14:32:47.118616+00:00", "level": "info", "logger": "app.services.event_bus", "message": "event_published", "app": "dSFC-Quant", "env": "development", "event_id": "314d7302-587f-4432-97e8-c9112d997356", "event_type": "market.tick", "source": "backend"}
{"timestamp": "2026-04-04T14:32:50.120725+00:00", "level": "info", "logger": "app.services.event_bus", "message": "event_published", "app": "dSFC-Quant", "env": "development", "event_id": "612eeac9-0556-4ff4-8f13-bbf9f172901b", "event_type": "market.tick", "source": "backend"}
{"timestamp": "2026-04-04T14:32:50.122337+00:00", "level": "info", "logger": "app.services.event_bus", "message": "event_published", "app": "dSFC-Quant", "env": "development", "event_id": "56e55085-eb92-40f8-8771-0320a481858c", "event_type": "market.tick", "source": "backend"}
{"timestamp": "2026-04-04T14:32:50.123869+00:00", "level": "info", "logger": "app.services.event_bus", "message": "event_published", "app": "dSFC-Quant", "env": "development", "event_id": "92bb80b7-f623-476e-a34a-faed58d5d866", "event_type": "market.tick", "source": "backend"}
{"timestamp": "2026-04-04T14:32:50.125386+00:00", "level": "info", "logger": "app.services.event_bus", "message": "event_published", "app": "dSFC-Quant", "env": "development", "event_id": "165351c1-233b-4c5e-859b-d9a849320af8", "event_type": "market.tick", "source": "backend"}
{"timestamp": "2026-04-04T14:32:53.127161+00:00", "level": "info", "logger": "app.services.event_bus", "message": "event_published", "app": "dSFC-Quant", "env": "development", "event_id": "6b6021c6-ea43-4a92-bdc2-09dd024f27a4", "event_type": "market.tick", "source": "backend"}
{"timestamp": "2026-04-04T14:32:53.128764+00:00", "level": "info", "logger": "app.services.event_bus", "message": "event_published", "app": "dSFC-Quant", "env": "development", "event_id": "58f45c10-ad8c-4fbb-94eb-41bc764733ad", "event_type": "market.tick", "source": "backend"}
{"timestamp": "2026-04-04T14:32:53.130303+00:00", "level": "info", "logger": "app.services.event_bus", "message": "event_published", "app": "dSFC-Quant", "env": "development", "event_id": "0ff43f76-2947-4208-bccc-7fffdc1e036c", "event_type": "market.tick", "source": "backend"}
{"timestamp": "2026-04-04T14:32:53.131810+00:00", "level": "info", "logger": "app.services.event_bus", "message": "event_published", "app": "dSFC-Quant", "env": "development", "event_id": "650509e7-4892-4b83-91e4-eb20765861a3", "event_type": "market.tick", "source": "backend"}
{"timestamp": "2026-04-04T14:32:54.446883+00:00", "level": "info", "logger": "app.services.event_bus", "message": "event_published", "app": "dSFC-Quant", "env": "development", "event_id": "2a01d59e-f554-4c7b-a5e3-535557cbe8bb", "event_type": "agent.role.completed", "source": "primoagent.data"}
{"timestamp": "2026-04-04T14:32:56.133860+00:00", "level": "info", "logger": "app.services.event_bus", "message": "event_published", "app": "dSFC-Quant", "env": "development", "event_id": "aa92fc8a-51db-4496-a0bf-b7ce0fd82130", "event_type": "market.tick", "source": "backend"}
{"timestamp": "2026-04-04T14:32:56.136083+00:00", "level": "info", "logger": "app.services.event_bus", "message": "event_published", "app": "dSFC-Quant", "env": "development", "event_id": "72c9710b-7e78-4694-8e8f-6c87250d0c00", "event_type": "market.tick", "source": "backend"}
{"timestamp": "2026-04-04T14:32:56.138640+00:00", "level": "info", "logger": "app.services.event_bus", "message": "event_published", "app": "dSFC-Quant", "env": "development", "event_id": "25f25ea3-6894-4856-a8da-d5d3b994260f", "event_type": "market.tick", "source": "backend"}
{"timestamp": "2026-04-04T14:32:56.141246+00:00", "level": "info", "logger": "app.services.event_bus", "message": "event_published", "app": "dSFC-Quant", "env": "development", "event_id": "f49f7e64-039a-460a-85f2-293dc5c76ccc", "event_type": "market.tick", "source": "backend"}
{"timestamp": "2026-04-04T14:32:59.143569+00:00", "level": "info", "logger": "app.services.event_bus", "message": "event_published", "app": "dSFC-Quant", "env": "development", "event_id": "c2e5dfd1-8eeb-49db-8c2d-af68a9fd3030", "event_type": "market.tick", "source": "backend"}
{"timestamp": "2026-04-04T14:32:59.145490+00:00", "level": "info", "logger": "app.services.event_bus", "message": "event_published", "app": "dSFC-Quant", "env": "development", "event_id": "90e1b8e4-1ea4-4561-81fa-237e801b03ad", "event_type": "market.tick", "source": "backend"}
{"timestamp": "2026-04-04T14:32:59.147042+00:00", "level": "info", "logger": "app.services.event_bus", "message": "event_published", "app": "dSFC-Quant", "env": "development", "event_id": "ba4bcec4-bfe3-4823-a05f-e4e4689e5b17", "event_type": "market.tick", "source": "backend"}
{"timestamp": "2026-04-04T14:32:59.148543+00:00", "level": "info", "logger": "app.services.event_bus", "message": "event_published", "app": "dSFC-Quant", "env": "development", "event_id": "53455b5e-b541-4d47-b586-2ab6e8d578c1", "event_type": "market.tick", "source": "backend"}
{"timestamp": "2026-04-04T14:33:02.151218+00:00", "level": "info", "logger": "app.services.event_bus", "message": "event_published", "app": "dSFC-Quant", "env": "development", "event_id": "261f9b00-b835-4d5e-baa6-1ee97e137011", "event_type": "market.tick", "source": "backend"}
{"timestamp": "2026-04-04T14:33:02.152802+00:00", "level": "info", "logger": "app.services.event_bus", "message": "event_published", "app": "dSFC-Quant", "env": "development", "event_id": "0dffca60-c562-458d-bba8-9089c9fe2fc5", "event_type": "market.tick", "source": "backend"}
{"timestamp": "2026-04-04T14:33:02.154377+00:00", "level": "info", "logger": "app.services.event_bus", "message": "event_published", "app": "dSFC-Quant", "env": "development", "event_id": "5de26bf8-1645-4c3d-a9fd-51d8f5a8df0a", "event_type": "market.tick", "source": "backend"}
{"timestamp": "2026-04-04T14:33:02.156154+00:00", "level": "info", "logger": "app.services.event_bus", "message": "event_published", "app": "dSFC-Quant", "env": "development", "event_id": "16f9de22-90fc-4efe-84bc-18d3fdcda515", "event_type": "market.tick", "source": "backend"}
{"timestamp": "2026-04-04T14:33:05.158074+00:00", "level": "info", "logger": "app.services.event_bus", "message": "event_published", "app": "dSFC-Quant", "env": "development", "event_id": "18a0208a-9e78-4634-a177-63b8bf89ba7b", "event_type": "market.tick", "source": "backend"}
{"timestamp": "2026-04-04T14:33:05.159931+00:00", "level": "info", "logger": "app.services.event_bus", "message": "event_published", "app": "dSFC-Quant", "env": "development", "event_id": "5e399e50-ec44-4427-a723-2355954b1c4b", "event_type": "market.tick", "source": "backend"}
{"timestamp": "2026-04-04T14:33:05.161698+00:00", "level": "info", "logger": "app.services.event_bus", "message": "event_published", "app": "dSFC-Quant", "env": "development", "event_id": "a170824d-7052-4682-b8a9-343cfe6fb0cf", "event_type": "market.tick", "source": "backend"}
{"timestamp": "2026-04-04T14:33:05.163482+00:00", "level": "info", "logger": "app.services.event_bus", "message": "event_published", "app": "dSFC-Quant", "env": "development", "event_id": "cac96a0d-bba2-48ed-a202-24f25f513746", "event_type": "market.tick", "source": "backend"}
{"timestamp": "2026-04-04T14:33:06.714949+00:00", "level": "info", "logger": "app.services.event_bus", "message": "event_published", "app": "dSFC-Quant", "env": "development", "event_id": "70ebc248-436c-46aa-975c-9bd200103c87", "event_type": "agent.role.completed", "source": "primoagent.technical_analysis"}
{"timestamp": "2026-04-04T14:33:08.166614+00:00", "level": "info", "logger": "app.services.event_bus", "message": "event_published", "app": "dSFC-Quant", "env": "development", "event_id": "982429c4-0186-43bb-a438-26b2afac717d", "event_type": "market.tick", "source": "backend"}
{"timestamp": "2026-04-04T14:33:08.168436+00:00", "level": "info", "logger": "app.services.event_bus", "message": "event_published", "app": "dSFC-Quant", "env": "development", "event_id": "e527f30c-eb96-41ef-8f94-81b4d37883ea", "event_type": "market.tick", "source": "backend"}
{"timestamp": "2026-04-04T14:33:08.170223+00:00", "level": "info", "logger": "app.services.event_bus", "message": "event_published", "app": "dSFC-Quant", "env": "development", "event_id": "83da261a-8c4f-43e1-9fbe-63722b46a3de", "event_type": "market.tick", "source": "backend"}
{"timestamp": "2026-04-04T14:33:08.171999+00:00", "level": "info", "logger": "app.services.event_bus", "message": "event_published", "app": "dSFC-Quant", "env": "development", "event_id": "559334e7-2f77-47a2-b8f6-82538f351d6d", "event_type": "market.tick", "source": "backend"}
{"timestamp": "2026-04-04T14:33:11.173801+00:00", "level": "info", "logger": "app.services.event_bus", "message": "event_published", "app": "dSFC-Quant", "env": "development", "event_id": "74bdd9dc-8766-46d5-bcff-1624030aacd2", "event_type": "market.tick", "source": "backend"}
{"timestamp": "2026-04-04T14:33:11.175392+00:00", "level": "info", "logger": "app.services.event_bus", "message": "event_published", "app": "dSFC-Quant", "env": "development", "event_id": "67c4d51a-5a4c-4e0e-b3ae-ec6576763fec", "event_type": "market.tick", "source": "backend"}
{"timestamp": "2026-04-04T14:33:11.176913+00:00", "level": "info", "logger": "app.services.event_bus", "message": "event_published", "app": "dSFC-Quant", "env": "development", "event_id": "9a977e48-a7a5-4e75-9970-5e7cf202ea17", "event_type": "market.tick", "source": "backend"}
{"timestamp": "2026-04-04T14:33:11.178440+00:00", "level": "info", "logger": "app.services.event_bus", "message": "event_published", "app": "dSFC-Quant", "env": "development", "event_id": "fa760471-d87c-4c0e-8f55-1eb4fd8dabdf", "event_type": "market.tick", "source": "backend"}
{"timestamp": "2026-04-04T14:33:14.179888+00:00", "level": "info", "logger": "app.services.event_bus", "message": "event_published", "app": "dSFC-Quant", "env": "development", "event_id": "3a220145-6fc4-4e31-b187-bf76be20368c", "event_type": "market.tick", "source": "backend"}
{"timestamp": "2026-04-04T14:33:14.181485+00:00", "level": "info", "logger": "app.services.event_bus", "message": "event_published", "app": "dSFC-Quant", "env": "development", "event_id": "33308665-1a0e-492d-bbca-d18932850804", "event_type": "market.tick", "source": "backend"}
{"timestamp": "2026-04-04T14:33:14.183104+00:00", "level": "info", "logger": "app.services.event_bus", "message": "event_published", "app": "dSFC-Quant", "env": "development", "event_id": "3e99c423-0b17-4329-90b0-541c248d19e7", "event_type": "market.tick", "source": "backend"}
{"timestamp": "2026-04-04T14:33:14.184630+00:00", "level": "info", "logger": "app.services.event_bus", "message": "event_published", "app": "dSFC-Quant", "env": "development", "event_id": "dedf2efe-014c-40c1-ab25-1ca79b5fdaed", "event_type": "market.tick", "source": "backend"}
{"timestamp": "2026-04-04T14:33:17.187137+00:00", "level": "info", "logger": "app.services.event_bus", "message": "event_published", "app": "dSFC-Quant", "env": "development", "event_id": "e4e20f46-f6bd-4f1b-9a45-1139cbf05cb8", "event_type": "market.tick", "source": "backend"}
{"timestamp": "2026-04-04T14:33:17.188720+00:00", "level": "info", "logger": "app.services.event_bus", "message": "event_published", "app": "dSFC-Quant", "env": "development", "event_id": "310bc0c3-7c98-4baf-b350-5c3bed2aabdf", "event_type": "market.tick", "source": "backend"}
{"timestamp": "2026-04-04T14:33:17.190244+00:00", "level": "info", "logger": "app.services.event_bus", "message": "event_published", "app": "dSFC-Quant", "env": "development", "event_id": "f5775a2e-508c-4efd-8d42-27b173627860", "event_type": "market.tick", "source": "backend"}
{"timestamp": "2026-04-04T14:33:17.191761+00:00", "level": "info", "logger": "app.services.event_bus", "message": "event_published", "app": "dSFC-Quant", "env": "development", "event_id": "e4bce60f-c0ab-4f83-9b71-36562bac8278", "event_type": "market.tick", "source": "backend"}
{"timestamp": "2026-04-04T14:33:20.194370+00:00", "level": "info", "logger": "app.services.event_bus", "message": "event_published", "app": "dSFC-Quant", "env": "development", "event_id": "79933ada-960b-4ca4-8ce2-bdf938dd5654", "event_type": "market.tick", "source": "backend"}
{"timestamp": "2026-04-04T14:33:20.195959+00:00", "level": "info", "logger": "app.services.event_bus", "message": "event_published", "app": "dSFC-Quant", "env": "development", "event_id": "f5625756-08c1-4b89-b634-932f5e924943", "event_type": "market.tick", "source": "backend"}
{"timestamp": "2026-04-04T14:33:20.197453+00:00", "level": "info", "logger": "app.services.event_bus", "message": "event_published", "app": "dSFC-Quant", "env": "development", "event_id": "e9f8aa73-1804-4025-bb33-ac3f370323b2", "event_type": "market.tick", "source": "backend"}
{"timestamp": "2026-04-04T14:33:20.198978+00:00", "level": "info", "logger": "app.services.event_bus", "message": "event_published", "app": "dSFC-Quant", "env": "development", "event_id": "8a9ba0b1-c7b2-4ab7-bc22-6098e8aba49b", "event_type": "market.tick", "source": "backend"}
{"timestamp": "2026-04-04T14:33:23.172542+00:00", "level": "info", "logger": "app.services.event_bus", "message": "event_published", "app": "dSFC-Quant", "env": "development", "event_id": "1b683a2d-e06a-4b9d-8e39-51bb41541eeb", "event_type": "agent.role.completed", "source": "primoagent.news_geopolitics"}
{"timestamp": "2026-04-04T14:33:23.202893+00:00", "level": "info", "logger": "app.services.event_bus", "message": "event_published", "app": "dSFC-Quant", "env": "development", "event_id": "952a30f5-abd4-4861-b40a-cee9feceecca", "event_type": "market.tick", "source": "backend"}
{"timestamp": "2026-04-04T14:33:23.204449+00:00", "level": "info", "logger": "app.services.event_bus", "message": "event_published", "app": "dSFC-Quant", "env": "development", "event_id": "09a5dc32-903d-41bf-b86e-3992f5348854", "event_type": "market.tick", "source": "backend"}
{"timestamp": "2026-04-04T14:33:23.206085+00:00", "level": "info", "logger": "app.services.event_bus", "message": "event_published", "app": "dSFC-Quant", "env": "development", "event_id": "598df88d-2a31-48b0-bd65-906f4b7921ab", "event_type": "market.tick", "source": "backend"}
{"timestamp": "2026-04-04T14:33:23.207641+00:00", "level": "info", "logger": "app.services.event_bus", "message": "event_published", "app": "dSFC-Quant", "env": "development", "event_id": "e09ead8e-c97c-4dc0-a4d2-796509b6e41d", "event_type": "market.tick", "source": "backend"}
{"timestamp": "2026-04-04T14:33:26.210471+00:00", "level": "info", "logger": "app.services.event_bus", "message": "event_published", "app": "dSFC-Quant", "env": "development", "event_id": "a3ae10ca-413a-4961-917c-1a1fb8214072", "event_type": "market.tick", "source": "backend"}
{"timestamp": "2026-04-04T14:33:26.212061+00:00", "level": "info", "logger": "app.services.event_bus", "message": "event_published", "app": "dSFC-Quant", "env": "development", "event_id": "6394cd04-a9ee-46be-9837-c91cf1f4dfd2", "event_type": "market.tick", "source": "backend"}
{"timestamp": "2026-04-04T14:33:26.213570+00:00", "level": "info", "logger": "app.services.event_bus", "message": "event_published", "app": "dSFC-Quant", "env": "development", "event_id": "2979fd01-67b5-433f-8091-1b3ff93bf29b", "event_type": "market.tick", "source": "backend"}
{"timestamp": "2026-04-04T14:33:26.215073+00:00", "level": "info", "logger": "app.services.event_bus", "message": "event_published", "app": "dSFC-Quant", "env": "development", "event_id": "bce4dd1e-350e-4951-8f99-347f915af00d", "event_type": "market.tick", "source": "backend"}
{"timestamp": "2026-04-04T14:33:29.217092+00:00", "level": "info", "logger": "app.services.event_bus", "message": "event_published", "app": "dSFC-Quant", "env": "development", "event_id": "617634c2-4146-4960-94b8-5edbdf3d8393", "event_type": "market.tick", "source": "backend"}
{"timestamp": "2026-04-04T14:33:29.218688+00:00", "level": "info", "logger": "app.services.event_bus", "message": "event_published", "app": "dSFC-Quant", "env": "development", "event_id": "5c17562a-2159-41ed-981b-e170e79c0d16", "event_type": "market.tick", "source": "backend"}
{"timestamp": "2026-04-04T14:33:29.220189+00:00", "level": "info", "logger": "app.services.event_bus", "message": "event_published", "app": "dSFC-Quant", "env": "development", "event_id": "7e24047d-17dc-43c3-8639-cde2116c7cde", "event_type": "market.tick", "source": "backend"}
{"timestamp": "2026-04-04T14:33:29.221691+00:00", "level": "info", "logger": "app.services.event_bus", "message": "event_published", "app": "dSFC-Quant", "env": "development", "event_id": "dfc1b05f-28ed-4e33-b814-63c467317489", "event_type": "market.tick", "source": "backend"}
{"timestamp": "2026-04-04T14:33:32.224430+00:00", "level": "info", "logger": "app.services.event_bus", "message": "event_published", "app": "dSFC-Quant", "env": "development", "event_id": "ca2dfd46-3bac-4380-9143-a39498373bcf", "event_type": "market.tick", "source": "backend"}
{"timestamp": "2026-04-04T14:33:32.226267+00:00", "level": "info", "logger": "app.services.event_bus", "message": "event_published", "app": "dSFC-Quant", "env": "development", "event_id": "5c7cefeb-9884-4275-bb37-21b05743e645", "event_type": "market.tick", "source": "backend"}
{"timestamp": "2026-04-04T14:33:32.228035+00:00", "level": "info", "logger": "app.services.event_bus", "message": "event_published", "app": "dSFC-Quant", "env": "development", "event_id": "d08c9380-06cf-47b1-8343-e364c3218f4b", "event_type": "market.tick", "source": "backend"}
{"timestamp": "2026-04-04T14:33:32.229812+00:00", "level": "info", "logger": "app.services.event_bus", "message": "event_published", "app": "dSFC-Quant", "env": "development", "event_id": "ee1198ad-42c7-432a-9f76-fe666755d176", "event_type": "market.tick", "source": "backend"}
{"timestamp": "2026-04-04T14:33:33.882598+00:00", "level": "info", "logger": "app.services.event_bus", "message": "event_published", "app": "dSFC-Quant", "env": "development", "event_id": "dba99b68-d09a-4059-9384-10dcadcd4201", "event_type": "agent.role.completed", "source": "primoagent.risk_decision"}
{"timestamp": "2026-04-04T14:33:33.884647+00:00", "level": "info", "logger": "app.services.event_bus", "message": "event_published", "app": "dSFC-Quant", "env": "development", "event_id": "117537eb-1398-49de-88e1-235482041825", "event_type": "agent.analysis.completed", "source": "primoagent"}
INFO:     127.0.0.1:47222 - "POST /api/analysis/run HTTP/1.1" 200 OK
{"timestamp": "2026-04-04T14:33:35.232327+00:00", "level": "info", "logger": "app.services.event_bus", "message": "event_published", "app": "dSFC-Quant", "env": "development", "event_id": "aeffa923-7107-429a-afc2-67f67a547bb7", "event_type": "market.tick", "source": "backend"}
{"timestamp": "2026-04-04T14:33:35.234208+00:00", "level": "info", "logger": "app.services.event_bus", "message": "event_published", "app": "dSFC-Quant", "env": "development", "event_id": "a4c0115f-fe6a-4360-b3f6-cdb142f2eb2f", "event_type": "market.tick", "source": "backend"}
{"timestamp": "2026-04-04T14:33:35.236002+00:00", "level": "info", "logger": "app.services.event_bus", "message": "event_published", "app": "dSFC-Quant", "env": "development", "event_id": "e95d52dc-0826-47da-bf6f-17a63a2f3338", "event_type": "market.tick", "source": "backend"}
{"timestamp": "2026-04-04T14:33:35.237807+00:00", "level": "info", "logger": "app.services.event_bus", "message": "event_published", "app": "dSFC-Quant", "env": "development", "event_id": "bbaf983c-55d1-4458-b0a2-55accdbe09ef", "event_type": "market.tick", "source": "backend"}
{"timestamp": "2026-04-04T14:33:38.240462+00:00", "level": "info", "logger": "app.services.event_bus", "message": "event_published", "app": "dSFC-Quant", "env": "development", "event_id": "1290a06c-cedc-4e29-a45f-f750a0a19623", "event_type": "market.tick", "source": "backend"}
{"timestamp": "2026-04-04T14:33:38.242338+00:00", "level": "info", "logger": "app.services.event_bus", "message": "event_published", "app": "dSFC-Quant", "env": "development", "event_id": "c50b8779-16f8-41a0-ad69-f06821a3dcea", "event_type": "market.tick", "source": "backend"}
{"timestamp": "2026-04-04T14:33:38.244124+00:00", "level": "info", "logger": "app.services.event_bus", "message": "event_published", "app": "dSFC-Quant", "env": "development", "event_id": "5ac2f241-6d89-4fcd-8297-6c47928aed2e", "event_type": "market.tick", "source": "backend"}
{"timestamp": "2026-04-04T14:33:38.245935+00:00", "level": "info", "logger": "app.services.event_bus", "message": "event_published", "app": "dSFC-Quant", "env": "development", "event_id": "ce951872-bbb2-4d2f-a106-42f0ae30028c", "event_type": "market.tick", "source": "backend"}
{"timestamp": "2026-04-04T14:33:41.247655+00:00", "level": "info", "logger": "app.services.event_bus", "message": "event_published", "app": "dSFC-Quant", "env": "development", "event_id": "9cda7868-1aac-419a-ad13-36958b480ee6", "event_type": "market.tick", "source": "backend"}
{"timestamp": "2026-04-04T14:33:41.249239+00:00", "level": "info", "logger": "app.services.event_bus", "message": "event_published", "app": "dSFC-Quant", "env": "development", "event_id": "9d952284-9588-42d3-9a8e-21018948409b", "event_type": "market.tick", "source": "backend"}
{"timestamp": "2026-04-04T14:33:41.250776+00:00", "level": "info", "logger": "app.services.event_bus", "message": "event_published", "app": "dSFC-Quant", "env": "development", "event_id": "46fc32d5-c4ff-4dcb-9c88-5fb19619ed6c", "event_type": "market.tick", "source": "backend"}
{"timestamp": "2026-04-04T14:33:41.252311+00:00", "level": "info", "logger": "app.services.event_bus", "message": "event_published", "app": "dSFC-Quant", "env": "development", "event_id": "1faf1de5-fa26-450e-935c-23242c72ac2e", "event_type": "market.tick", "source": "backend"}
{"timestamp": "2026-04-04T14:33:44.254240+00:00", "level": "info", "logger": "app.services.event_bus", "message": "event_published", "app": "dSFC-Quant", "env": "development", "event_id": "b0b88c3e-391e-4ec0-ad7f-111101b42018", "event_type": "market.tick", "source": "backend"}
{"timestamp": "2026-04-04T14:33:44.255832+00:00", "level": "info", "logger": "app.services.event_bus", "message": "event_published", "app": "dSFC-Quant", "env": "development", "event_id": "240c3eee-a0c9-4290-8f48-67af8401c4f5", "event_type": "market.tick", "source": "backend"}
{"timestamp": "2026-04-04T14:33:44.257353+00:00", "level": "info", "logger": "app.services.event_bus", "message": "event_published", "app": "dSFC-Quant", "env": "development", "event_id": "48555963-f0b0-4abe-b3a9-3bee93dd1df1", "event_type": "market.tick", "source": "backend"}
{"timestamp": "2026-04-04T14:33:44.258871+00:00", "level": "info", "logger": "app.services.event_bus", "message": "event_published", "app": "dSFC-Quant", "env": "development", "event_id": "4ed5af8f-977a-4452-813c-c21247bcd583", "event_type": "market.tick", "source": "backend"}
{"timestamp": "2026-04-04T14:33:47.261326+00:00", "level": "info", "logger": "app.services.event_bus", "message": "event_published", "app": "dSFC-Quant", "env": "development", "event_id": "4a170fd2-d54b-4b22-86b3-0cb65959bf4c", "event_type": "market.tick", "source": "backend"}
{"timestamp": "2026-04-04T14:33:47.262921+00:00", "level": "info", "logger": "app.services.event_bus", "message": "event_published", "app": "dSFC-Quant", "env": "development", "event_id": "b28abcfa-e103-43a1-b9ae-a932fed13720", "event_type": "market.tick", "source": "backend"}
{"timestamp": "2026-04-04T14:33:47.264424+00:00", "level": "info", "logger": "app.services.event_bus", "message": "event_published", "app": "dSFC-Quant", "env": "development", "event_id": "6fb0f9a8-81d8-40c9-b66a-2ff672ea5e10", "event_type": "market.tick", "source": "backend"}
{"timestamp": "2026-04-04T14:33:47.265944+00:00", "level": "info", "logger": "app.services.event_bus", "message": "event_published", "app": "dSFC-Quant", "env": "development", "event_id": "5d40d472-05d0-4290-ad0b-cfff46ef935f", "event_type": "market.tick", "source": "backend"}
{"timestamp": "2026-04-04T14:33:49.184799+00:00", "level": "info", "logger": "app.services.event_bus", "message": "event_published", "app": "dSFC-Quant", "env": "development", "event_id": "162e25da-bf8c-46f3-84d4-8d070fa588f2", "event_type": "strategy.factory.started", "source": "strategy_factory"}
{"timestamp": "2026-04-04T14:33:49.189289+00:00", "level": "info", "logger": "app.services.event_bus", "message": "event_published", "app": "dSFC-Quant", "env": "development", "event_id": "356b20f0-5158-442e-9091-acd4b26292f0", "event_type": "agent.analysis.requested", "source": "primoagent"}
{"timestamp": "2026-04-04T14:33:49.191340+00:00", "level": "info", "logger": "app.services.event_bus", "message": "event_published", "app": "dSFC-Quant", "env": "development", "event_id": "e7d74671-2640-4395-8a8b-fba3fab8977c", "event_type": "strategy.factory.generated", "source": "strategy_factory"}
INFO:     127.0.0.1:36182 - "POST /api/strategy/generate HTTP/1.1" 200 OK
{"timestamp": "2026-04-04T14:33:50.268059+00:00", "level": "info", "logger": "app.services.event_bus", "message": "event_published", "app": "dSFC-Quant", "env": "development", "event_id": "db7a7b48-337c-443d-b186-c2c14c30957b", "event_type": "market.tick", "source": "backend"}
{"timestamp": "2026-04-04T14:33:50.269670+00:00", "level": "info", "logger": "app.services.event_bus", "message": "event_published", "app": "dSFC-Quant", "env": "development", "event_id": "0d9dbfd7-489e-4942-bfc9-a2896f383a6d", "event_type": "market.tick", "source": "backend"}
{"timestamp": "2026-04-04T14:33:50.271210+00:00", "level": "info", "logger": "app.services.event_bus", "message": "event_published", "app": "dSFC-Quant", "env": "development", "event_id": "73c26225-db95-4c02-b6cd-b86f66ca44e9", "event_type": "market.tick", "source": "backend"}
{"timestamp": "2026-04-04T14:33:50.272696+00:00", "level": "info", "logger": "app.services.event_bus", "message": "event_published", "app": "dSFC-Quant", "env": "development", "event_id": "b47f3d00-2fc3-41c5-93ca-bc4eb8512139", "event_type": "market.tick", "source": "backend"}
{"timestamp": "2026-04-04T14:33:53.275133+00:00", "level": "info", "logger": "app.services.event_bus", "message": "event_published", "app": "dSFC-Quant", "env": "development", "event_id": "61339bc2-8c39-43b1-be01-2e08f429917a", "event_type": "market.tick", "source": "backend"}
{"timestamp": "2026-04-04T14:33:53.276685+00:00", "level": "info", "logger": "app.services.event_bus", "message": "event_published", "app": "dSFC-Quant", "env": "development", "event_id": "26446fa4-e71b-4306-8a0a-d28f6aea1225", "event_type": "market.tick", "source": "backend"}
{"timestamp": "2026-04-04T14:33:53.278218+00:00", "level": "info", "logger": "app.services.event_bus", "message": "event_published", "app": "dSFC-Quant", "env": "development", "event_id": "2f1dc4a0-42c3-4af4-8b2a-69505cd5e1c2", "event_type": "market.tick", "source": "backend"}
{"timestamp": "2026-04-04T14:33:53.279722+00:00", "level": "info", "logger": "app.services.event_bus", "message": "event_published", "app": "dSFC-Quant", "env": "development", "event_id": "64d5098e-46ef-40e3-b8ed-9450f7f0aa87", "event_type": "market.tick", "source": "backend"}
{"timestamp": "2026-04-04T14:33:56.282378+00:00", "level": "info", "logger": "app.services.event_bus", "message": "event_published", "app": "dSFC-Quant", "env": "development", "event_id": "59bae240-5983-4266-8f72-08e7b4de31ed", "event_type": "market.tick", "source": "backend"}
{"timestamp": "2026-04-04T14:33:56.283956+00:00", "level": "info", "logger": "app.services.event_bus", "message": "event_published", "app": "dSFC-Quant", "env": "development", "event_id": "92bd8d73-56d3-45b0-be94-1c700dc9676e", "event_type": "market.tick", "source": "backend"}
{"timestamp": "2026-04-04T14:33:56.285450+00:00", "level": "info", "logger": "app.services.event_bus", "message": "event_published", "app": "dSFC-Quant", "env": "development", "event_id": "03c8eeda-8244-4ede-8f51-bfd4091cff06", "event_type": "market.tick", "source": "backend"}
{"timestamp": "2026-04-04T14:33:56.286968+00:00", "level": "info", "logger": "app.services.event_bus", "message": "event_published", "app": "dSFC-Quant", "env": "development", "event_id": "c2d56d21-e51a-427c-a680-c177996b7bb1", "event_type": "market.tick", "source": "backend"}
{"timestamp": "2026-04-04T14:33:59.289360+00:00", "level": "info", "logger": "app.services.event_bus", "message": "event_published", "app": "dSFC-Quant", "env": "development", "event_id": "ea32e28d-75da-4360-aae3-9942d274b42f", "event_type": "market.tick", "source": "backend"}
{"timestamp": "2026-04-04T14:33:59.291076+00:00", "level": "info", "logger": "app.services.event_bus", "message": "event_published", "app": "dSFC-Quant", "env": "development", "event_id": "ed08fbfe-b7dd-432a-8e15-8168b4469265", "event_type": "market.tick", "source": "backend"}
{"timestamp": "2026-04-04T14:33:59.292481+00:00", "level": "info", "logger": "app.services.event_bus", "message": "event_published", "app": "dSFC-Quant", "env": "development", "event_id": "eef6a742-73ed-45a5-b599-9d649f0f0edc", "event_type": "market.tick", "source": "backend"}
{"timestamp": "2026-04-04T14:33:59.293333+00:00", "level": "info", "logger": "app.services.event_bus", "message": "event_published", "app": "dSFC-Quant", "env": "development", "event_id": "ddc1e5fe-e66d-4796-a9a3-60d0dd31341c", "event_type": "market.tick", "source": "backend"}
{"timestamp": "2026-04-04T14:34:00.235031+00:00", "level": "info", "logger": "app.services.event_bus", "message": "event_published", "app": "dSFC-Quant", "env": "development", "event_id": "1c5ba6a3-e0ab-4f95-b716-17e2a4daab68", "event_type": "agent.role.completed", "source": "primoagent.data"}
{"timestamp": "2026-04-04T14:34:02.295050+00:00", "level": "info", "logger": "app.services.event_bus", "message": "event_published", "app": "dSFC-Quant", "env": "development", "event_id": "7924acbb-2b27-47fb-8c4c-e46567eb70ca", "event_type": "market.tick", "source": "backend"}
{"timestamp": "2026-04-04T14:34:02.296635+00:00", "level": "info", "logger": "app.services.event_bus", "message": "event_published", "app": "dSFC-Quant", "env": "development", "event_id": "5d21dd9b-194e-43db-bf84-3933293e93a9", "event_type": "market.tick", "source": "backend"}
{"timestamp": "2026-04-04T14:34:02.298150+00:00", "level": "info", "logger": "app.services.event_bus", "message": "event_published", "app": "dSFC-Quant", "env": "development", "event_id": "176afa54-3d5d-4913-817e-7c4525f39f4b", "event_type": "market.tick", "source": "backend"}
{"timestamp": "2026-04-04T14:34:02.299665+00:00", "level": "info", "logger": "app.services.event_bus", "message": "event_published", "app": "dSFC-Quant", "env": "development", "event_id": "611d32c9-c113-4a28-8971-107a764d2feb", "event_type": "market.tick", "source": "backend"}
{"timestamp": "2026-04-04T14:34:05.302411+00:00", "level": "info", "logger": "app.services.event_bus", "message": "event_published", "app": "dSFC-Quant", "env": "development", "event_id": "b83d746e-90bf-452d-b0f6-0f99832e80ce", "event_type": "market.tick", "source": "backend"}
{"timestamp": "2026-04-04T14:34:05.303993+00:00", "level": "info", "logger": "app.services.event_bus", "message": "event_published", "app": "dSFC-Quant", "env": "development", "event_id": "67c8d460-2305-4a43-8329-11c98862ee35", "event_type": "market.tick", "source": "backend"}
{"timestamp": "2026-04-04T14:34:05.305490+00:00", "level": "info", "logger": "app.services.event_bus", "message": "event_published", "app": "dSFC-Quant", "env": "development", "event_id": "20487ade-d92e-4268-9ab9-486e1a6704e6", "event_type": "market.tick", "source": "backend"}
{"timestamp": "2026-04-04T14:34:05.306991+00:00", "level": "info", "logger": "app.services.event_bus", "message": "event_published", "app": "dSFC-Quant", "env": "development", "event_id": "54e47523-9716-42db-9470-b2f937c243b7", "event_type": "market.tick", "source": "backend"}
{"timestamp": "2026-04-04T14:34:08.309300+00:00", "level": "info", "logger": "app.services.event_bus", "message": "event_published", "app": "dSFC-Quant", "env": "development", "event_id": "8351a9ec-d6db-4dc7-8abb-4132b3a6da01", "event_type": "market.tick", "source": "backend"}
{"timestamp": "2026-04-04T14:34:08.310902+00:00", "level": "info", "logger": "app.services.event_bus", "message": "event_published", "app": "dSFC-Quant", "env": "development", "event_id": "44b2faf2-4306-4e59-809d-bf419aba1fa2", "event_type": "market.tick", "source": "backend"}
{"timestamp": "2026-04-04T14:34:08.312420+00:00", "level": "info", "logger": "app.services.event_bus", "message": "event_published", "app": "dSFC-Quant", "env": "development", "event_id": "66f74e1f-00be-4297-9087-620f370d3bd9", "event_type": "market.tick", "source": "backend"}
{"timestamp": "2026-04-04T14:34:08.313921+00:00", "level": "info", "logger": "app.services.event_bus", "message": "event_published", "app": "dSFC-Quant", "env": "development", "event_id": "bcf1946e-40f6-4f16-a4ef-a28007cc3a78", "event_type": "market.tick", "source": "backend"}
{"timestamp": "2026-04-04T14:34:08.563005+00:00", "level": "info", "logger": "app.services.event_bus", "message": "event_published", "app": "dSFC-Quant", "env": "development", "event_id": "258b914b-ca99-48cf-9510-d3c965c56287", "event_type": "agent.role.completed", "source": "primoagent.technical_analysis"}
{"timestamp": "2026-04-04T14:34:11.316287+00:00", "level": "info", "logger": "app.services.event_bus", "message": "event_published", "app": "dSFC-Quant", "env": "development", "event_id": "ae8fb098-a141-4c03-932c-d434b46b6469", "event_type": "market.tick", "source": "backend"}
{"timestamp": "2026-04-04T14:34:11.317866+00:00", "level": "info", "logger": "app.services.event_bus", "message": "event_published", "app": "dSFC-Quant", "env": "development", "event_id": "448f2f8d-d992-41af-8073-cde7e59fe8d2", "event_type": "market.tick", "source": "backend"}
{"timestamp": "2026-04-04T14:34:11.319367+00:00", "level": "info", "logger": "app.services.event_bus", "message": "event_published", "app": "dSFC-Quant", "env": "development", "event_id": "780f1eee-1911-4bac-b864-290fd371db73", "event_type": "market.tick", "source": "backend"}
{"timestamp": "2026-04-04T14:34:11.320842+00:00", "level": "info", "logger": "app.services.event_bus", "message": "event_published", "app": "dSFC-Quant", "env": "development", "event_id": "186dda2e-8e31-408d-b63c-3606bc9bcff7", "event_type": "market.tick", "source": "backend"}
{"timestamp": "2026-04-04T14:34:14.322876+00:00", "level": "info", "logger": "app.services.event_bus", "message": "event_published", "app": "dSFC-Quant", "env": "development", "event_id": "f8131419-5e8f-4949-8afa-3de8d42c56c9", "event_type": "market.tick", "source": "backend"}
{"timestamp": "2026-04-04T14:34:14.324456+00:00", "level": "info", "logger": "app.services.event_bus", "message": "event_published", "app": "dSFC-Quant", "env": "development", "event_id": "43f7c352-1e2b-4333-85ec-43cc65a6c2ee", "event_type": "market.tick", "source": "backend"}
{"timestamp": "2026-04-04T14:34:14.325958+00:00", "level": "info", "logger": "app.services.event_bus", "message": "event_published", "app": "dSFC-Quant", "env": "development", "event_id": "8e15cb86-4bc9-44b5-88fa-4b79ee556ba1", "event_type": "market.tick", "source": "backend"}
{"timestamp": "2026-04-04T14:34:14.327481+00:00", "level": "info", "logger": "app.services.event_bus", "message": "event_published", "app": "dSFC-Quant", "env": "development", "event_id": "aecb405f-5ab3-4bd8-a06f-d319b66e4481", "event_type": "market.tick", "source": "backend"}
{"timestamp": "2026-04-04T14:34:17.328878+00:00", "level": "info", "logger": "app.services.event_bus", "message": "event_published", "app": "dSFC-Quant", "env": "development", "event_id": "b295a647-7f30-4fe0-a2e8-9dddaeab98f1", "event_type": "market.tick", "source": "backend"}
{"timestamp": "2026-04-04T14:34:17.330471+00:00", "level": "info", "logger": "app.services.event_bus", "message": "event_published", "app": "dSFC-Quant", "env": "development", "event_id": "2e060de1-3277-4f78-872b-5d008337d82d", "event_type": "market.tick", "source": "backend"}
{"timestamp": "2026-04-04T14:34:17.331963+00:00", "level": "info", "logger": "app.services.event_bus", "message": "event_published", "app": "dSFC-Quant", "env": "development", "event_id": "4e3534a0-c3d7-453b-88f9-8d9223588d9e", "event_type": "market.tick", "source": "backend"}
{"timestamp": "2026-04-04T14:34:17.333449+00:00", "level": "info", "logger": "app.services.event_bus", "message": "event_published", "app": "dSFC-Quant", "env": "development", "event_id": "5dd689a1-b45d-491a-9659-83c825a947f6", "event_type": "market.tick", "source": "backend"}
{"timestamp": "2026-04-04T14:34:20.334897+00:00", "level": "info", "logger": "app.services.event_bus", "message": "event_published", "app": "dSFC-Quant", "env": "development", "event_id": "c364d335-d751-4573-a5b7-327cd12914c8", "event_type": "market.tick", "source": "backend"}
{"timestamp": "2026-04-04T14:34:20.336460+00:00", "level": "info", "logger": "app.services.event_bus", "message": "event_published", "app": "dSFC-Quant", "env": "development", "event_id": "e1aa63e7-f24f-4adb-87c6-b17c60b8e076", "event_type": "market.tick", "source": "backend"}
{"timestamp": "2026-04-04T14:34:20.337973+00:00", "level": "info", "logger": "app.services.event_bus", "message": "event_published", "app": "dSFC-Quant", "env": "development", "event_id": "4a3b6d18-ab0b-424d-ad5b-df66e925f49d", "event_type": "market.tick", "source": "backend"}
{"timestamp": "2026-04-04T14:34:20.339454+00:00", "level": "info", "logger": "app.services.event_bus", "message": "event_published", "app": "dSFC-Quant", "env": "development", "event_id": "34d17e2a-e692-46ff-839e-cb28041a2fa8", "event_type": "market.tick", "source": "backend"}
{"timestamp": "2026-04-04T14:34:23.339742+00:00", "level": "info", "logger": "app.services.event_bus", "message": "event_published", "app": "dSFC-Quant", "env": "development", "event_id": "8fa3a439-fb95-453a-b59c-1220b51289da", "event_type": "market.tick", "source": "backend"}
{"timestamp": "2026-04-04T14:34:23.340361+00:00", "level": "info", "logger": "app.services.event_bus", "message": "event_published", "app": "dSFC-Quant", "env": "development", "event_id": "f68a23a2-7ef6-43b5-9bf7-8796b51d28ca", "event_type": "market.tick", "source": "backend"}
{"timestamp": "2026-04-04T14:34:23.340900+00:00", "level": "info", "logger": "app.services.event_bus", "message": "event_published", "app": "dSFC-Quant", "env": "development", "event_id": "e682a418-2d15-4964-9a39-efb35468b32a", "event_type": "market.tick", "source": "backend"}
{"timestamp": "2026-04-04T14:34:23.341429+00:00", "level": "info", "logger": "app.services.event_bus", "message": "event_published", "app": "dSFC-Quant", "env": "development", "event_id": "4a454155-3dbd-4bc7-bdc6-11a474b7e533", "event_type": "market.tick", "source": "backend"}
{"timestamp": "2026-04-04T14:34:23.536414+00:00", "level": "info", "logger": "app.services.event_bus", "message": "event_published", "app": "dSFC-Quant", "env": "development", "event_id": "e406c2f4-15cd-4c2d-b98b-ebbde047cf81", "event_type": "agent.role.completed", "source": "primoagent.news_geopolitics"}
{"timestamp": "2026-04-04T14:34:26.343205+00:00", "level": "info", "logger": "app.services.event_bus", "message": "event_published", "app": "dSFC-Quant", "env": "development", "event_id": "46f36a75-42c0-4bc4-a098-dd212c6eafec", "event_type": "market.tick", "source": "backend"}
{"timestamp": "2026-04-04T14:34:26.344805+00:00", "level": "info", "logger": "app.services.event_bus", "message": "event_published", "app": "dSFC-Quant", "env": "development", "event_id": "5cdd4e10-98d5-42a9-b7e7-1134d940b38a", "event_type": "market.tick", "source": "backend"}
{"timestamp": "2026-04-04T14:34:26.346310+00:00", "level": "info", "logger": "app.services.event_bus", "message": "event_published", "app": "dSFC-Quant", "env": "development", "event_id": "1d5df820-fdbf-4552-80a9-fd4cc3d97197", "event_type": "market.tick", "source": "backend"}
{"timestamp": "2026-04-04T14:34:26.347795+00:00", "level": "info", "logger": "app.services.event_bus", "message": "event_published", "app": "dSFC-Quant", "env": "development", "event_id": "fa790443-ecd1-4d08-9342-6efd60791a53", "event_type": "market.tick", "source": "backend"}
{"timestamp": "2026-04-04T14:34:29.349637+00:00", "level": "info", "logger": "app.services.event_bus", "message": "event_published", "app": "dSFC-Quant", "env": "development", "event_id": "987e036f-d98c-4296-86ba-bf527fbe3ce1", "event_type": "market.tick", "source": "backend"}
{"timestamp": "2026-04-04T14:34:29.351289+00:00", "level": "info", "logger": "app.services.event_bus", "message": "event_published", "app": "dSFC-Quant", "env": "development", "event_id": "e66bc667-894f-4433-b10f-5333df968f13", "event_type": "market.tick", "source": "backend"}
{"timestamp": "2026-04-04T14:34:29.352791+00:00", "level": "info", "logger": "app.services.event_bus", "message": "event_published", "app": "dSFC-Quant", "env": "development", "event_id": "22c2dcc2-80ee-4764-8555-d2ff1e0dca03", "event_type": "market.tick", "source": "backend"}
{"timestamp": "2026-04-04T14:34:29.354323+00:00", "level": "info", "logger": "app.services.event_bus", "message": "event_published", "app": "dSFC-Quant", "env": "development", "event_id": "143ef4e1-ebd2-42b7-a0dd-ac93bf76c84b", "event_type": "market.tick", "source": "backend"}
{"timestamp": "2026-04-04T14:34:32.356009+00:00", "level": "info", "logger": "app.services.event_bus", "message": "event_published", "app": "dSFC-Quant", "env": "development", "event_id": "7f4e7c4c-684b-42f6-b3e5-381a7a091781", "event_type": "market.tick", "source": "backend"}
{"timestamp": "2026-04-04T14:34:32.357574+00:00", "level": "info", "logger": "app.services.event_bus", "message": "event_published", "app": "dSFC-Quant", "env": "development", "event_id": "a374ee5a-d00b-4800-9850-b885dc488105", "event_type": "market.tick", "source": "backend"}
{"timestamp": "2026-04-04T14:34:32.359099+00:00", "level": "info", "logger": "app.services.event_bus", "message": "event_published", "app": "dSFC-Quant", "env": "development", "event_id": "006f030c-02fa-4fa7-befb-d99db5ac603d", "event_type": "market.tick", "source": "backend"}
{"timestamp": "2026-04-04T14:34:32.360567+00:00", "level": "info", "logger": "app.services.event_bus", "message": "event_published", "app": "dSFC-Quant", "env": "development", "event_id": "ac586697-219b-4e94-87e4-46d28e771eba", "event_type": "market.tick", "source": "backend"}
{"timestamp": "2026-04-04T14:34:34.060031+00:00", "level": "info", "logger": "app.services.event_bus", "message": "event_published", "app": "dSFC-Quant", "env": "development", "event_id": "c9f1e8bc-4200-4d45-8887-dfc4fd9dfbbd", "event_type": "agent.role.completed", "source": "primoagent.risk_decision"}
{"timestamp": "2026-04-04T14:34:34.061840+00:00", "level": "info", "logger": "app.services.event_bus", "message": "event_published", "app": "dSFC-Quant", "env": "development", "event_id": "1e6f1b96-cb65-4c94-a2a2-38b9b41a6d51", "event_type": "agent.analysis.completed", "source": "primoagent"}
{"timestamp": "2026-04-04T14:34:34.062676+00:00", "level": "info", "logger": "app.services.event_bus", "message": "event_published", "app": "dSFC-Quant", "env": "development", "event_id": "4761f69d-130d-43b6-8d08-abbb24f64ab7", "event_type": "execution.signal.skipped", "source": "execution"}
INFO:     127.0.0.1:36196 - "POST /api/execution/dispatch HTTP/1.1" 200 OK
{"timestamp": "2026-04-04T14:34:35.363409+00:00", "level": "info", "logger": "app.services.event_bus", "message": "event_published", "app": "dSFC-Quant", "env": "development", "event_id": "1ca51262-6abe-4567-871f-899d4dbb0c0f", "event_type": "market.tick", "source": "backend"}
{"timestamp": "2026-04-04T14:34:35.365006+00:00", "level": "info", "logger": "app.services.event_bus", "message": "event_published", "app": "dSFC-Quant", "env": "development", "event_id": "86cdb278-3176-4095-a450-b27006f50177", "event_type": "market.tick", "source": "backend"}
{"timestamp": "2026-04-04T14:34:35.366540+00:00", "level": "info", "logger": "app.services.event_bus", "message": "event_published", "app": "dSFC-Quant", "env": "development", "event_id": "a8b26ab1-1d16-4c86-af0f-6892472418a5", "event_type": "market.tick", "source": "backend"}
{"timestamp": "2026-04-04T14:34:35.368090+00:00", "level": "info", "logger": "app.services.event_bus", "message": "event_published", "app": "dSFC-Quant", "env": "development", "event_id": "d3452304-b451-411f-975b-518302ac276f", "event_type": "market.tick", "source": "backend"}
{"timestamp": "2026-04-04T14:34:38.370110+00:00", "level": "info", "logger": "app.services.event_bus", "message": "event_published", "app": "dSFC-Quant", "env": "development", "event_id": "fb4266e5-ddad-4aba-8adc-81bb0326a125", "event_type": "market.tick", "source": "backend"}
{"timestamp": "2026-04-04T14:34:38.371713+00:00", "level": "info", "logger": "app.services.event_bus", "message": "event_published", "app": "dSFC-Quant", "env": "development", "event_id": "83867484-29a4-4aed-ac3c-167c28a90fc7", "event_type": "market.tick", "source": "backend"}
{"timestamp": "2026-04-04T14:34:38.373219+00:00", "level": "info", "logger": "app.services.event_bus", "message": "event_published", "app": "dSFC-Quant", "env": "development", "event_id": "b8ff1edb-5d2b-4cfd-9b3a-99cfe676c63f", "event_type": "market.tick", "source": "backend"}
{"timestamp": "2026-04-04T14:34:38.374739+00:00", "level": "info", "logger": "app.services.event_bus", "message": "event_published", "app": "dSFC-Quant", "env": "development", "event_id": "ebf4962b-f857-4b63-9c23-5d330ed9e804", "event_type": "market.tick", "source": "backend"}
{"timestamp": "2026-04-04T14:34:41.376707+00:00", "level": "info", "logger": "app.services.event_bus", "message": "event_published", "app": "dSFC-Quant", "env": "development", "event_id": "80677b17-b0bc-4714-90d1-eaf31404b12b", "event_type": "market.tick", "source": "backend"}
{"timestamp": "2026-04-04T14:34:41.378310+00:00", "level": "info", "logger": "app.services.event_bus", "message": "event_published", "app": "dSFC-Quant", "env": "development", "event_id": "2475efae-4f61-405d-ab53-51a75f5744c3", "event_type": "market.tick", "source": "backend"}
{"timestamp": "2026-04-04T14:34:41.379869+00:00", "level": "info", "logger": "app.services.event_bus", "message": "event_published", "app": "dSFC-Quant", "env": "development", "event_id": "a5e93554-b2e4-49d5-8a9c-fa3764705b29", "event_type": "market.tick", "source": "backend"}
{"timestamp": "2026-04-04T14:34:41.381373+00:00", "level": "info", "logger": "app.services.event_bus", "message": "event_published", "app": "dSFC-Quant", "env": "development", "event_id": "0413a260-d496-43f3-ab4a-91abdc772fa4", "event_type": "market.tick", "source": "backend"}
{"timestamp": "2026-04-04T14:34:44.383381+00:00", "level": "info", "logger": "app.services.event_bus", "message": "event_published", "app": "dSFC-Quant", "env": "development", "event_id": "cf202aad-17cc-4b9a-8ac7-9c8481f23565", "event_type": "market.tick", "source": "backend"}
{"timestamp": "2026-04-04T14:34:44.384941+00:00", "level": "info", "logger": "app.services.event_bus", "message": "event_published", "app": "dSFC-Quant", "env": "development", "event_id": "39d45a5b-6142-4251-981b-8720621f7a4f", "event_type": "market.tick", "source": "backend"}
{"timestamp": "2026-04-04T14:34:44.386455+00:00", "level": "info", "logger": "app.services.event_bus", "message": "event_published", "app": "dSFC-Quant", "env": "development", "event_id": "5596c780-97cb-4e41-be71-92d64f25eec3", "event_type": "market.tick", "source": "backend"}
{"timestamp": "2026-04-04T14:34:44.387961+00:00", "level": "info", "logger": "app.services.event_bus", "message": "event_published", "app": "dSFC-Quant", "env": "development", "event_id": "777e7286-81e3-438e-b3ba-afa8b91b8d28", "event_type": "market.tick", "source": "backend"}
{"timestamp": "2026-04-04T14:34:47.390488+00:00", "level": "info", "logger": "app.services.event_bus", "message": "event_published", "app": "dSFC-Quant", "env": "development", "event_id": "84b7212f-b1ad-48f3-bdec-93230bc46825", "event_type": "market.tick", "source": "backend"}
{"timestamp": "2026-04-04T14:34:47.392060+00:00", "level": "info", "logger": "app.services.event_bus", "message": "event_published", "app": "dSFC-Quant", "env": "development", "event_id": "3ae6dd98-81c9-45fd-9495-30cde2958240", "event_type": "market.tick", "source": "backend"}
{"timestamp": "2026-04-04T14:34:47.393555+00:00", "level": "info", "logger": "app.services.event_bus", "message": "event_published", "app": "dSFC-Quant", "env": "development", "event_id": "c4239a10-5df8-471f-aa93-68b500db6bfa", "event_type": "market.tick", "source": "backend"}
{"timestamp": "2026-04-04T14:34:47.395098+00:00", "level": "info", "logger": "app.services.event_bus", "message": "event_published", "app": "dSFC-Quant", "env": "development", "event_id": "bbfa2ce7-94fa-42a4-aad1-c70592d16d46", "event_type": "market.tick", "source": "backend"}
INFO:     127.0.0.1:40732 - "GET /api/workflow/snapshot?symbol=BTC/USDT&timeframe=1m HTTP/1.1" 200 OK
{"timestamp": "2026-04-04T14:34:50.396790+00:00", "level": "info", "logger": "app.services.event_bus", "message": "event_published", "app": "dSFC-Quant", "env": "development", "event_id": "8310049c-aa78-43d2-ac51-549eac62d8fb", "event_type": "market.tick", "source": "backend"}
{"timestamp": "2026-04-04T14:34:50.398478+00:00", "level": "info", "logger": "app.services.event_bus", "message": "event_published", "app": "dSFC-Quant", "env": "development", "event_id": "cacabd00-1f28-4652-9fa8-c7a94ce3e8f4", "event_type": "market.tick", "source": "backend"}
{"timestamp": "2026-04-04T14:34:50.400008+00:00", "level": "info", "logger": "app.services.event_bus", "message": "event_published", "app": "dSFC-Quant", "env": "development", "event_id": "406735c7-b357-49fa-826b-c09c4dea6fe6", "event_type": "market.tick", "source": "backend"}
{"timestamp": "2026-04-04T14:34:50.401516+00:00", "level": "info", "logger": "app.services.event_bus", "message": "event_published", "app": "dSFC-Quant", "env": "development", "event_id": "9c9f8cc2-4fdc-4c52-9661-45efa5c8f218", "event_type": "market.tick", "source": "backend"}
{"timestamp": "2026-04-04T14:34:53.404181+00:00", "level": "info", "logger": "app.services.event_bus", "message": "event_published", "app": "dSFC-Quant", "env": "development", "event_id": "6c20426b-c923-476a-bf84-d7eb13d79378", "event_type": "market.tick", "source": "backend"}
{"timestamp": "2026-04-04T14:34:53.405803+00:00", "level": "info", "logger": "app.services.event_bus", "message": "event_published", "app": "dSFC-Quant", "env": "development", "event_id": "cb22f80b-a608-49fd-9de3-d0d59df9d35d", "event_type": "market.tick", "source": "backend"}
{"timestamp": "2026-04-04T14:34:53.407322+00:00", "level": "info", "logger": "app.services.event_bus", "message": "event_published", "app": "dSFC-Quant", "env": "development", "event_id": "e1f93e00-b5db-44c0-9a15-7353d145ec3a", "event_type": "market.tick", "source": "backend"}
{"timestamp": "2026-04-04T14:34:53.408826+00:00", "level": "info", "logger": "app.services.event_bus", "message": "event_published", "app": "dSFC-Quant", "env": "development", "event_id": "c95b55b7-5fa8-4633-87a5-ae76f7621347", "event_type": "market.tick", "source": "backend"}
{"timestamp": "2026-04-04T14:34:56.411206+00:00", "level": "info", "logger": "app.services.event_bus", "message": "event_published", "app": "dSFC-Quant", "env": "development", "event_id": "a11952a2-cb70-4ba1-8c5f-48909ec3c1f9", "event_type": "market.tick", "source": "backend"}
{"timestamp": "2026-04-04T14:34:56.412804+00:00", "level": "info", "logger": "app.services.event_bus", "message": "event_published", "app": "dSFC-Quant", "env": "development", "event_id": "4e1592b2-e0f3-4ec8-9b9c-8167bee82891", "event_type": "market.tick", "source": "backend"}
{"timestamp": "2026-04-04T14:34:56.414349+00:00", "level": "info", "logger": "app.services.event_bus", "message": "event_published", "app": "dSFC-Quant", "env": "development", "event_id": "4ca99d3c-c909-41cf-932a-4fa5034b994c", "event_type": "market.tick", "source": "backend"}
{"timestamp": "2026-04-04T14:34:56.415883+00:00", "level": "info", "logger": "app.services.event_bus", "message": "event_published", "app": "dSFC-Quant", "env": "development", "event_id": "7287eb59-e85f-44bb-a066-4a5db47e1cf4", "event_type": "market.tick", "source": "backend"}
{"timestamp": "2026-04-04T14:34:59.417781+00:00", "level": "info", "logger": "app.services.event_bus", "message": "event_published", "app": "dSFC-Quant", "env": "development", "event_id": "12d488f1-416d-4d88-b6fb-ce9e4368d183", "event_type": "market.tick", "source": "backend"}
{"timestamp": "2026-04-04T14:34:59.419670+00:00", "level": "info", "logger": "app.services.event_bus", "message": "event_published", "app": "dSFC-Quant", "env": "development", "event_id": "22bc2e03-cff8-4770-892f-abb4d8dd1aa7", "event_type": "market.tick", "source": "backend"}
{"timestamp": "2026-04-04T14:34:59.421187+00:00", "level": "info", "logger": "app.services.event_bus", "message": "event_published", "app": "dSFC-Quant", "env": "development", "event_id": "65a149dd-8d91-4e06-9b4c-a21280c19b84", "event_type": "market.tick", "source": "backend"}
{"timestamp": "2026-04-04T14:34:59.422718+00:00", "level": "info", "logger": "app.services.event_bus", "message": "event_published", "app": "dSFC-Quant", "env": "development", "event_id": "3d314bfb-c5a3-403e-8e85-bff8b1383f68", "event_type": "market.tick", "source": "backend"}
{"timestamp": "2026-04-04T14:35:02.425999+00:00", "level": "info", "logger": "app.services.event_bus", "message": "event_published", "app": "dSFC-Quant", "env": "development", "event_id": "55dd124e-c253-4372-b2fe-043e0760cbf0", "event_type": "market.tick", "source": "backend"}
{"timestamp": "2026-04-04T14:35:02.427603+00:00", "level": "info", "logger": "app.services.event_bus", "message": "event_published", "app": "dSFC-Quant", "env": "development", "event_id": "f3f6431e-5a5a-4536-8f47-2527daa7500a", "event_type": "market.tick", "source": "backend"}
{"timestamp": "2026-04-04T14:35:02.428790+00:00", "level": "info", "logger": "app.services.event_bus", "message": "event_published", "app": "dSFC-Quant", "env": "development", "event_id": "399d7174-cdc5-4ed4-be71-f199cdafdcdf", "event_type": "market.tick", "source": "backend"}
{"timestamp": "2026-04-04T14:35:02.430001+00:00", "level": "info", "logger": "app.services.event_bus", "message": "event_published", "app": "dSFC-Quant", "env": "development", "event_id": "eb9e029b-2a38-4aa4-8a50-26daa642c3b3", "event_type": "market.tick", "source": "backend"}
{"timestamp": "2026-04-04T14:35:05.432304+00:00", "level": "info", "logger": "app.services.event_bus", "message": "event_published", "app": "dSFC-Quant", "env": "development", "event_id": "a40d0166-9fe2-4463-8cde-ae3855b3ced1", "event_type": "market.tick", "source": "backend"}
{"timestamp": "2026-04-04T14:35:05.433937+00:00", "level": "info", "logger": "app.services.event_bus", "message": "event_published", "app": "dSFC-Quant", "env": "development", "event_id": "ab9f14d5-742e-4b16-a50e-e0c84ece5977", "event_type": "market.tick", "source": "backend"}
{"timestamp": "2026-04-04T14:35:05.435473+00:00", "level": "info", "logger": "app.services.event_bus", "message": "event_published", "app": "dSFC-Quant", "env": "development", "event_id": "e301d44b-5210-4c67-a4ad-ec64425f380e", "event_type": "market.tick", "source": "backend"}
{"timestamp": "2026-04-04T14:35:05.436980+00:00", "level": "info", "logger": "app.services.event_bus", "message": "event_published", "app": "dSFC-Quant", "env": "development", "event_id": "75418965-9ddd-43c5-9039-290c3f9b8b44", "event_type": "market.tick", "source": "backend"}
{"timestamp": "2026-04-04T14:35:08.438972+00:00", "level": "info", "logger": "app.services.event_bus", "message": "event_published", "app": "dSFC-Quant", "env": "development", "event_id": "2d86a99f-b144-434d-93f8-6acd8bc853f5", "event_type": "market.tick", "source": "backend"}
{"timestamp": "2026-04-04T14:35:08.440566+00:00", "level": "info", "logger": "app.services.event_bus", "message": "event_published", "app": "dSFC-Quant", "env": "development", "event_id": "492d8cee-0abc-48c0-b7fb-b65e506d1bae", "event_type": "market.tick", "source": "backend"}
{"timestamp": "2026-04-04T14:35:08.442087+00:00", "level": "info", "logger": "app.services.event_bus", "message": "event_published", "app": "dSFC-Quant", "env": "development", "event_id": "f2dea189-513d-4108-9b8f-8a2fd30aeda5", "event_type": "market.tick", "source": "backend"}
{"timestamp": "2026-04-04T14:35:08.443597+00:00", "level": "info", "logger": "app.services.event_bus", "message": "event_published", "app": "dSFC-Quant", "env": "development", "event_id": "77c3940c-79e7-4f4f-ac54-30cf83e35430", "event_type": "market.tick", "source": "backend"}
{"timestamp": "2026-04-04T14:35:11.445896+00:00", "level": "info", "logger": "app.services.event_bus", "message": "event_published", "app": "dSFC-Quant", "env": "development", "event_id": "b0926730-8f12-4cd6-9b35-3df179153ffa", "event_type": "market.tick", "source": "backend"}
{"timestamp": "2026-04-04T14:35:11.447484+00:00", "level": "info", "logger": "app.services.event_bus", "message": "event_published", "app": "dSFC-Quant", "env": "development", "event_id": "cb9534b8-29e0-4c39-ba33-00113ed12e0f", "event_type": "market.tick", "source": "backend"}
{"timestamp": "2026-04-04T14:35:11.449000+00:00", "level": "info", "logger": "app.services.event_bus", "message": "event_published", "app": "dSFC-Quant", "env": "development", "event_id": "9a9a2ca9-d906-403e-b4a5-09647a520655", "event_type": "market.tick", "source": "backend"}
{"timestamp": "2026-04-04T14:35:11.450542+00:00", "level": "info", "logger": "app.services.event_bus", "message": "event_published", "app": "dSFC-Quant", "env": "development", "event_id": "779e2d72-7590-48af-80a7-e6b6101703c5", "event_type": "market.tick", "source": "backend"}
{"timestamp": "2026-04-04T14:35:14.452213+00:00", "level": "info", "logger": "app.services.event_bus", "message": "event_published", "app": "dSFC-Quant", "env": "development", "event_id": "b05c27d3-cfd8-4cb0-b80d-64d13c2f76ee", "event_type": "market.tick", "source": "backend"}
{"timestamp": "2026-04-04T14:35:14.453183+00:00", "level": "info", "logger": "app.services.event_bus", "message": "event_published", "app": "dSFC-Quant", "env": "development", "event_id": "340cb520-224b-4821-9b32-6823db29c650", "event_type": "market.tick", "source": "backend"}
{"timestamp": "2026-04-04T14:35:14.453897+00:00", "level": "info", "logger": "app.services.event_bus", "message": "event_published", "app": "dSFC-Quant", "env": "development", "event_id": "14871c2d-c04f-4d6f-869b-f585a04f19b1", "event_type": "market.tick", "source": "backend"}
{"timestamp": "2026-04-04T14:35:14.454644+00:00", "level": "info", "logger": "app.services.event_bus", "message": "event_published", "app": "dSFC-Quant", "env": "development", "event_id": "3b90031d-42e2-4bb1-a2c0-f2e93f8ee3ed", "event_type": "market.tick", "source": "backend"}
{"timestamp": "2026-04-04T14:35:17.457110+00:00", "level": "info", "logger": "app.services.event_bus", "message": "event_published", "app": "dSFC-Quant", "env": "development", "event_id": "c6fddee0-4100-4084-a5fa-69e65ec57a31", "event_type": "market.tick", "source": "backend"}
{"timestamp": "2026-04-04T14:35:17.458712+00:00", "level": "info", "logger": "app.services.event_bus", "message": "event_published", "app": "dSFC-Quant", "env": "development", "event_id": "e0994bb1-2e54-48f4-91e7-57ec40e57304", "event_type": "market.tick", "source": "backend"}
{"timestamp": "2026-04-04T14:35:17.460222+00:00", "level": "info", "logger": "app.services.event_bus", "message": "event_published", "app": "dSFC-Quant", "env": "development", "event_id": "2dd4e00a-0ca3-4741-aab4-e2dc27d19ca3", "event_type": "market.tick", "source": "backend"}
{"timestamp": "2026-04-04T14:35:17.461730+00:00", "level": "info", "logger": "app.services.event_bus", "message": "event_published", "app": "dSFC-Quant", "env": "development", "event_id": "da538694-bb3d-4808-9eaf-5f1058a9bb72", "event_type": "market.tick", "source": "backend"}
{"timestamp": "2026-04-04T14:35:20.463900+00:00", "level": "info", "logger": "app.services.event_bus", "message": "event_published", "app": "dSFC-Quant", "env": "development", "event_id": "be6fb24d-d009-4483-ac0d-94dcb5e2ad3a", "event_type": "market.tick", "source": "backend"}
{"timestamp": "2026-04-04T14:35:20.465488+00:00", "level": "info", "logger": "app.services.event_bus", "message": "event_published", "app": "dSFC-Quant", "env": "development", "event_id": "1eaa6164-1c83-4977-b4e8-4cd1738454cc", "event_type": "market.tick", "source": "backend"}
{"timestamp": "2026-04-04T14:35:20.467009+00:00", "level": "info", "logger": "app.services.event_bus", "message": "event_published", "app": "dSFC-Quant", "env": "development", "event_id": "59e6bbe7-18fe-41e3-9082-a0ac26223b3c", "event_type": "market.tick", "source": "backend"}
{"timestamp": "2026-04-04T14:35:20.468507+00:00", "level": "info", "logger": "app.services.event_bus", "message": "event_published", "app": "dSFC-Quant", "env": "development", "event_id": "246f7b53-4b2b-405e-80d1-061861ed491a", "event_type": "market.tick", "source": "backend"}
{"timestamp": "2026-04-04T14:35:23.469845+00:00", "level": "info", "logger": "app.services.event_bus", "message": "event_published", "app": "dSFC-Quant", "env": "development", "event_id": "ded711c0-d82e-44ba-aa1b-983a77e65f6f", "event_type": "market.tick", "source": "backend"}
{"timestamp": "2026-04-04T14:35:23.470475+00:00", "level": "info", "logger": "app.services.event_bus", "message": "event_published", "app": "dSFC-Quant", "env": "development", "event_id": "363c2b38-e8b6-4742-ac90-fc0c1bcab99f", "event_type": "market.tick", "source": "backend"}
{"timestamp": "2026-04-04T14:35:23.470953+00:00", "level": "info", "logger": "app.services.event_bus", "message": "event_published", "app": "dSFC-Quant", "env": "development", "event_id": "d0144eed-637e-4b62-9aeb-bfbeaceea771", "event_type": "market.tick", "source": "backend"}
{"timestamp": "2026-04-04T14:35:23.471448+00:00", "level": "info", "logger": "app.services.event_bus", "message": "event_published", "app": "dSFC-Quant", "env": "development", "event_id": "d7fc6e8a-f13f-4b47-9b6c-7c5171574427", "event_type": "market.tick", "source": "backend"}
{"timestamp": "2026-04-04T14:35:26.472879+00:00", "level": "info", "logger": "app.services.event_bus", "message": "event_published", "app": "dSFC-Quant", "env": "development", "event_id": "1fdc2235-e9f4-4ad1-9d97-ac3085009993", "event_type": "market.tick", "source": "backend"}
{"timestamp": "2026-04-04T14:35:26.474501+00:00", "level": "info", "logger": "app.services.event_bus", "message": "event_published", "app": "dSFC-Quant", "env": "development", "event_id": "8bf0e1b5-80bf-4ee9-961c-84fb2d37d611", "event_type": "market.tick", "source": "backend"}
{"timestamp": "2026-04-04T14:35:26.476026+00:00", "level": "info", "logger": "app.services.event_bus", "message": "event_published", "app": "dSFC-Quant", "env": "development", "event_id": "3c531bc0-1c2c-452a-8b6a-c25b497ef6b8", "event_type": "market.tick", "source": "backend"}
{"timestamp": "2026-04-04T14:35:26.477532+00:00", "level": "info", "logger": "app.services.event_bus", "message": "event_published", "app": "dSFC-Quant", "env": "development", "event_id": "68c3e6a6-3ffb-460a-b245-b0e6642e8774", "event_type": "market.tick", "source": "backend"}
{"timestamp": "2026-04-04T14:35:29.480061+00:00", "level": "info", "logger": "app.services.event_bus", "message": "event_published", "app": "dSFC-Quant", "env": "development", "event_id": "3da0eac4-aab1-4cf6-9dcd-a5658a3c6b09", "event_type": "market.tick", "source": "backend"}
{"timestamp": "2026-04-04T14:35:29.481649+00:00", "level": "info", "logger": "app.services.event_bus", "message": "event_published", "app": "dSFC-Quant", "env": "development", "event_id": "6ca135bf-0cbe-462a-83c7-ee85f229d48f", "event_type": "market.tick", "source": "backend"}
{"timestamp": "2026-04-04T14:35:29.483187+00:00", "level": "info", "logger": "app.services.event_bus", "message": "event_published", "app": "dSFC-Quant", "env": "development", "event_id": "e842d5f7-4ee2-42e1-ba99-7c5a0af07a46", "event_type": "market.tick", "source": "backend"}
{"timestamp": "2026-04-04T14:35:29.484687+00:00", "level": "info", "logger": "app.services.event_bus", "message": "event_published", "app": "dSFC-Quant", "env": "development", "event_id": "d620d930-381f-4a04-a8ca-e664d4b17615", "event_type": "market.tick", "source": "backend"}
{"timestamp": "2026-04-04T14:35:32.487425+00:00", "level": "info", "logger": "app.services.event_bus", "message": "event_published", "app": "dSFC-Quant", "env": "development", "event_id": "6c6cec57-03d1-48e8-a4e9-cdb469815cc0", "event_type": "market.tick", "source": "backend"}
{"timestamp": "2026-04-04T14:35:32.489065+00:00", "level": "info", "logger": "app.services.event_bus", "message": "event_published", "app": "dSFC-Quant", "env": "development", "event_id": "d7068668-31c1-4ffd-9348-1d521813171c", "event_type": "market.tick", "source": "backend"}
{"timestamp": "2026-04-04T14:35:32.490630+00:00", "level": "info", "logger": "app.services.event_bus", "message": "event_published", "app": "dSFC-Quant", "env": "development", "event_id": "289031f8-7517-4925-8c53-01deec791db8", "event_type": "market.tick", "source": "backend"}
{"timestamp": "2026-04-04T14:35:32.492161+00:00", "level": "info", "logger": "app.services.event_bus", "message": "event_published", "app": "dSFC-Quant", "env": "development", "event_id": "09588452-d77f-4574-925c-b17f8662bb2c", "event_type": "market.tick", "source": "backend"}
{"timestamp": "2026-04-04T14:35:35.494473+00:00", "level": "info", "logger": "app.services.event_bus", "message": "event_published", "app": "dSFC-Quant", "env": "development", "event_id": "0036e703-9d3d-4dda-81cd-9e489f7aaa22", "event_type": "market.tick", "source": "backend"}
{"timestamp": "2026-04-04T14:35:35.496095+00:00", "level": "info", "logger": "app.services.event_bus", "message": "event_published", "app": "dSFC-Quant", "env": "development", "event_id": "dc029111-e265-49c5-b039-81855916b6b5", "event_type": "market.tick", "source": "backend"}
{"timestamp": "2026-04-04T14:35:35.497661+00:00", "level": "info", "logger": "app.services.event_bus", "message": "event_published", "app": "dSFC-Quant", "env": "development", "event_id": "263290a6-b263-491e-85b5-2816cbdac6d9", "event_type": "market.tick", "source": "backend"}
{"timestamp": "2026-04-04T14:35:35.499185+00:00", "level": "info", "logger": "app.services.event_bus", "message": "event_published", "app": "dSFC-Quant", "env": "development", "event_id": "f0b50a27-ceb0-43b9-b500-9e163b3df654", "event_type": "market.tick", "source": "backend"}
{"timestamp": "2026-04-04T14:35:38.501634+00:00", "level": "info", "logger": "app.services.event_bus", "message": "event_published", "app": "dSFC-Quant", "env": "development", "event_id": "43f20e6c-51c9-483a-a706-eb88f1b5c6c2", "event_type": "market.tick", "source": "backend"}
{"timestamp": "2026-04-04T14:35:38.503246+00:00", "level": "info", "logger": "app.services.event_bus", "message": "event_published", "app": "dSFC-Quant", "env": "development", "event_id": "33896416-d827-4bc7-a5da-081e04cf7e6f", "event_type": "market.tick", "source": "backend"}
{"timestamp": "2026-04-04T14:35:38.504813+00:00", "level": "info", "logger": "app.services.event_bus", "message": "event_published", "app": "dSFC-Quant", "env": "development", "event_id": "be2da47e-88a5-4601-9776-a3a8b373480f", "event_type": "market.tick", "source": "backend"}
{"timestamp": "2026-04-04T14:35:38.506350+00:00", "level": "info", "logger": "app.services.event_bus", "message": "event_published", "app": "dSFC-Quant", "env": "development", "event_id": "968954af-3057-4665-9452-4c275b7ab19c", "event_type": "market.tick", "source": "backend"}
{"timestamp": "2026-04-04T14:35:41.508218+00:00", "level": "info", "logger": "app.services.event_bus", "message": "event_published", "app": "dSFC-Quant", "env": "development", "event_id": "3d4437a0-3e9d-47fd-bf47-ccce39a0c336", "event_type": "market.tick", "source": "backend"}
{"timestamp": "2026-04-04T14:35:41.509829+00:00", "level": "info", "logger": "app.services.event_bus", "message": "event_published", "app": "dSFC-Quant", "env": "development", "event_id": "2ea88fe1-b849-4043-829a-174f4b4713f4", "event_type": "market.tick", "source": "backend"}
{"timestamp": "2026-04-04T14:35:41.511362+00:00", "level": "info", "logger": "app.services.event_bus", "message": "event_published", "app": "dSFC-Quant", "env": "development", "event_id": "bdede96b-5f5b-4b0d-8355-2b80d7165b7b", "event_type": "market.tick", "source": "backend"}
{"timestamp": "2026-04-04T14:35:41.512872+00:00", "level": "info", "logger": "app.services.event_bus", "message": "event_published", "app": "dSFC-Quant", "env": "development", "event_id": "6aaa0d5a-1814-443d-aba9-4fb2ac3c2541", "event_type": "market.tick", "source": "backend"}
{"timestamp": "2026-04-04T14:35:44.514926+00:00", "level": "info", "logger": "app.services.event_bus", "message": "event_published", "app": "dSFC-Quant", "env": "development", "event_id": "88382c8a-763e-4dce-87fc-4cee8151b83a", "event_type": "market.tick", "source": "backend"}
{"timestamp": "2026-04-04T14:35:44.516547+00:00", "level": "info", "logger": "app.services.event_bus", "message": "event_published", "app": "dSFC-Quant", "env": "development", "event_id": "1c52cac5-53e7-4e7a-822f-da31d0eda449", "event_type": "market.tick", "source": "backend"}
{"timestamp": "2026-04-04T14:35:44.518111+00:00", "level": "info", "logger": "app.services.event_bus", "message": "event_published", "app": "dSFC-Quant", "env": "development", "event_id": "304bbc56-e463-42da-8889-2178a6227c19", "event_type": "market.tick", "source": "backend"}
{"timestamp": "2026-04-04T14:35:44.519657+00:00", "level": "info", "logger": "app.services.event_bus", "message": "event_published", "app": "dSFC-Quant", "env": "development", "event_id": "fdd06233-17f5-49a4-a5ee-e528334f1c0b", "event_type": "market.tick", "source": "backend"}
{"timestamp": "2026-04-04T14:35:47.522594+00:00", "level": "info", "logger": "app.services.event_bus", "message": "event_published", "app": "dSFC-Quant", "env": "development", "event_id": "9339a6e3-55e7-4171-ad19-1c9d4838aeff", "event_type": "market.tick", "source": "backend"}
{"timestamp": "2026-04-04T14:35:47.524260+00:00", "level": "info", "logger": "app.services.event_bus", "message": "event_published", "app": "dSFC-Quant", "env": "development", "event_id": "6ce2e328-c36b-4b2f-b65f-b7e1bba6abb7", "event_type": "market.tick", "source": "backend"}
{"timestamp": "2026-04-04T14:35:47.525862+00:00", "level": "info", "logger": "app.services.event_bus", "message": "event_published", "app": "dSFC-Quant", "env": "development", "event_id": "cc5e7903-2366-4d2b-828d-28235aad3eff", "event_type": "market.tick", "source": "backend"}
{"timestamp": "2026-04-04T14:35:47.527435+00:00", "level": "info", "logger": "app.services.event_bus", "message": "event_published", "app": "dSFC-Quant", "env": "development", "event_id": "dc5bfe15-a064-4784-aba8-6cad29a02f10", "event_type": "market.tick", "source": "backend"}
{"timestamp": "2026-04-04T14:35:50.528858+00:00", "level": "info", "logger": "app.services.event_bus", "message": "event_published", "app": "dSFC-Quant", "env": "development", "event_id": "d40138e5-4498-4c25-b10f-9f104279d0a2", "event_type": "market.tick", "source": "backend"}
{"timestamp": "2026-04-04T14:35:50.530539+00:00", "level": "info", "logger": "app.services.event_bus", "message": "event_published", "app": "dSFC-Quant", "env": "development", "event_id": "4c87639c-b588-4643-8329-e172c85c91f6", "event_type": "market.tick", "source": "backend"}
{"timestamp": "2026-04-04T14:35:50.532106+00:00", "level": "info", "logger": "app.services.event_bus", "message": "event_published", "app": "dSFC-Quant", "env": "development", "event_id": "7dd32872-1f1c-4e00-9253-e5fefbb75166", "event_type": "market.tick", "source": "backend"}
{"timestamp": "2026-04-04T14:35:50.533664+00:00", "level": "info", "logger": "app.services.event_bus", "message": "event_published", "app": "dSFC-Quant", "env": "development", "event_id": "8854f357-bc0d-42ab-8627-67db0d0d5541", "event_type": "market.tick", "source": "backend"}
{"timestamp": "2026-04-04T14:35:53.536341+00:00", "level": "info", "logger": "app.services.event_bus", "message": "event_published", "app": "dSFC-Quant", "env": "development", "event_id": "e8b797b8-7c9e-471a-a5e5-43db4cc53789", "event_type": "market.tick", "source": "backend"}
{"timestamp": "2026-04-04T14:35:53.538010+00:00", "level": "info", "logger": "app.services.event_bus", "message": "event_published", "app": "dSFC-Quant", "env": "development", "event_id": "08e250cb-145b-44b3-9cb3-1a676e406b05", "event_type": "market.tick", "source": "backend"}
{"timestamp": "2026-04-04T14:35:53.539556+00:00", "level": "info", "logger": "app.services.event_bus", "message": "event_published", "app": "dSFC-Quant", "env": "development", "event_id": "76a2979d-e8d0-40e9-9279-4b5d6a5ef410", "event_type": "market.tick", "source": "backend"}
{"timestamp": "2026-04-04T14:35:53.541080+00:00", "level": "info", "logger": "app.services.event_bus", "message": "event_published", "app": "dSFC-Quant", "env": "development", "event_id": "722ad381-4b8b-48db-b520-383cb956d988", "event_type": "market.tick", "source": "backend"}
{"timestamp": "2026-04-04T14:35:56.543534+00:00", "level": "info", "logger": "app.services.event_bus", "message": "event_published", "app": "dSFC-Quant", "env": "development", "event_id": "b5f228ad-7e48-4c91-888e-fdb9aa93c997", "event_type": "market.tick", "source": "backend"}
{"timestamp": "2026-04-04T14:35:56.545177+00:00", "level": "info", "logger": "app.services.event_bus", "message": "event_published", "app": "dSFC-Quant", "env": "development", "event_id": "24c1ac7b-8c8c-4489-ad4d-eb97b8ad2846", "event_type": "market.tick", "source": "backend"}
{"timestamp": "2026-04-04T14:35:56.546755+00:00", "level": "info", "logger": "app.services.event_bus", "message": "event_published", "app": "dSFC-Quant", "env": "development", "event_id": "d5c50596-70a0-4531-957f-e45e9e02ac60", "event_type": "market.tick", "source": "backend"}
{"timestamp": "2026-04-04T14:35:56.548294+00:00", "level": "info", "logger": "app.services.event_bus", "message": "event_published", "app": "dSFC-Quant", "env": "development", "event_id": "850f9bb2-f9a2-436c-abae-53d00d342448", "event_type": "market.tick", "source": "backend"}
{"timestamp": "2026-04-04T14:35:59.550044+00:00", "level": "info", "logger": "app.services.event_bus", "message": "event_published", "app": "dSFC-Quant", "env": "development", "event_id": "e35cba26-a04f-4edd-86c4-942113f94710", "event_type": "market.tick", "source": "backend"}
{"timestamp": "2026-04-04T14:35:59.551660+00:00", "level": "info", "logger": "app.services.event_bus", "message": "event_published", "app": "dSFC-Quant", "env": "development", "event_id": "3cef4123-1dec-4689-b509-ee53d9b588d9", "event_type": "market.tick", "source": "backend"}
{"timestamp": "2026-04-04T14:35:59.553194+00:00", "level": "info", "logger": "app.services.event_bus", "message": "event_published", "app": "dSFC-Quant", "env": "development", "event_id": "b5f6dbff-d5b8-4427-96f8-459aa5898e59", "event_type": "market.tick", "source": "backend"}
{"timestamp": "2026-04-04T14:35:59.554793+00:00", "level": "info", "logger": "app.services.event_bus", "message": "event_published", "app": "dSFC-Quant", "env": "development", "event_id": "08d2beff-9332-4155-a1c1-0f88ae3f5ec0", "event_type": "market.tick", "source": "backend"}
{"timestamp": "2026-04-04T14:36:02.556628+00:00", "level": "info", "logger": "app.services.event_bus", "message": "event_published", "app": "dSFC-Quant", "env": "development", "event_id": "09e7010a-6262-45bb-a05e-83b70d86cbff", "event_type": "market.tick", "source": "backend"}
{"timestamp": "2026-04-04T14:36:02.558274+00:00", "level": "info", "logger": "app.services.event_bus", "message": "event_published", "app": "dSFC-Quant", "env": "development", "event_id": "0cc508db-1bef-4326-8f10-a5010702851b", "event_type": "market.tick", "source": "backend"}
{"timestamp": "2026-04-04T14:36:02.559831+00:00", "level": "info", "logger": "app.services.event_bus", "message": "event_published", "app": "dSFC-Quant", "env": "development", "event_id": "bc07b148-ca13-48df-b4f4-4ca06c3aa150", "event_type": "market.tick", "source": "backend"}
{"timestamp": "2026-04-04T14:36:02.561359+00:00", "level": "info", "logger": "app.services.event_bus", "message": "event_published", "app": "dSFC-Quant", "env": "development", "event_id": "54a735e9-1db3-4dd7-a531-4138e7c6009f", "event_type": "market.tick", "source": "backend"}
{"timestamp": "2026-04-04T14:36:05.563585+00:00", "level": "info", "logger": "app.services.event_bus", "message": "event_published", "app": "dSFC-Quant", "env": "development", "event_id": "9f71995f-e877-4cc6-8ff7-8090e534ec09", "event_type": "market.tick", "source": "backend"}
{"timestamp": "2026-04-04T14:36:05.565222+00:00", "level": "info", "logger": "app.services.event_bus", "message": "event_published", "app": "dSFC-Quant", "env": "development", "event_id": "3b9d90e2-7048-4e9e-9e4a-e99d5d400c74", "event_type": "market.tick", "source": "backend"}
{"timestamp": "2026-04-04T14:36:05.566792+00:00", "level": "info", "logger": "app.services.event_bus", "message": "event_published", "app": "dSFC-Quant", "env": "development", "event_id": "0ed88018-ad2b-4f99-afe2-3c849ea9a63f", "event_type": "market.tick", "source": "backend"}
{"timestamp": "2026-04-04T14:36:05.568347+00:00", "level": "info", "logger": "app.services.event_bus", "message": "event_published", "app": "dSFC-Quant", "env": "development", "event_id": "5227676b-0f6d-4b4a-8f27-734b59672be4", "event_type": "market.tick", "source": "backend"}
{"timestamp": "2026-04-04T14:36:08.570181+00:00", "level": "info", "logger": "app.services.event_bus", "message": "event_published", "app": "dSFC-Quant", "env": "development", "event_id": "34e3a22d-2fa8-4db8-822d-71298ea6db52", "event_type": "market.tick", "source": "backend"}
{"timestamp": "2026-04-04T14:36:08.571840+00:00", "level": "info", "logger": "app.services.event_bus", "message": "event_published", "app": "dSFC-Quant", "env": "development", "event_id": "2ee1aff2-0e1d-42a6-86aa-9786f0281c0b", "event_type": "market.tick", "source": "backend"}
{"timestamp": "2026-04-04T14:36:08.573398+00:00", "level": "info", "logger": "app.services.event_bus", "message": "event_published", "app": "dSFC-Quant", "env": "development", "event_id": "39248445-ea31-46b5-ae06-91a08dee6b9f", "event_type": "market.tick", "source": "backend"}
{"timestamp": "2026-04-04T14:36:08.574967+00:00", "level": "info", "logger": "app.services.event_bus", "message": "event_published", "app": "dSFC-Quant", "env": "development", "event_id": "5953f44f-c27d-480f-80a2-5961c3845cb3", "event_type": "market.tick", "source": "backend"}
{"timestamp": "2026-04-04T14:36:11.577039+00:00", "level": "info", "logger": "app.services.event_bus", "message": "event_published", "app": "dSFC-Quant", "env": "development", "event_id": "2f6ecd6f-cfdd-4c8d-b6df-7f06284a5586", "event_type": "market.tick", "source": "backend"}
{"timestamp": "2026-04-04T14:36:11.578719+00:00", "level": "info", "logger": "app.services.event_bus", "message": "event_published", "app": "dSFC-Quant", "env": "development", "event_id": "a7432bf7-92ad-4525-aff0-49bcb0895451", "event_type": "market.tick", "source": "backend"}
{"timestamp": "2026-04-04T14:36:11.580306+00:00", "level": "info", "logger": "app.services.event_bus", "message": "event_published", "app": "dSFC-Quant", "env": "development", "event_id": "a7652a82-154c-47be-891f-70997bc396c3", "event_type": "market.tick", "source": "backend"}
{"timestamp": "2026-04-04T14:36:11.581880+00:00", "level": "info", "logger": "app.services.event_bus", "message": "event_published", "app": "dSFC-Quant", "env": "development", "event_id": "22b980e7-d5b4-401f-ab81-26601313668b", "event_type": "market.tick", "source": "backend"}
{"timestamp": "2026-04-04T14:36:14.584356+00:00", "level": "info", "logger": "app.services.event_bus", "message": "event_published", "app": "dSFC-Quant", "env": "development", "event_id": "38609bac-efc8-45e0-8f63-4eab45f8a4b0", "event_type": "market.tick", "source": "backend"}
{"timestamp": "2026-04-04T14:36:14.586140+00:00", "level": "info", "logger": "app.services.event_bus", "message": "event_published", "app": "dSFC-Quant", "env": "development", "event_id": "2ac991fe-b1a7-4ea3-8d53-c4d2b4e4ab4d", "event_type": "market.tick", "source": "backend"}
{"timestamp": "2026-04-04T14:36:14.587729+00:00", "level": "info", "logger": "app.services.event_bus", "message": "event_published", "app": "dSFC-Quant", "env": "development", "event_id": "832ad954-6b21-40c9-8902-973b8869efc6", "event_type": "market.tick", "source": "backend"}
{"timestamp": "2026-04-04T14:36:14.589275+00:00", "level": "info", "logger": "app.services.event_bus", "message": "event_published", "app": "dSFC-Quant", "env": "development", "event_id": "6513f05a-20ee-4f20-8441-db0bf27a00f4", "event_type": "market.tick", "source": "backend"}
{"timestamp": "2026-04-04T14:36:17.591438+00:00", "level": "info", "logger": "app.services.event_bus", "message": "event_published", "app": "dSFC-Quant", "env": "development", "event_id": "8e166b0a-4ecf-41a9-8143-449b1ff24715", "event_type": "market.tick", "source": "backend"}
{"timestamp": "2026-04-04T14:36:17.593201+00:00", "level": "info", "logger": "app.services.event_bus", "message": "event_published", "app": "dSFC-Quant", "env": "development", "event_id": "1101db26-2a74-4c01-95b0-1df5f0373ee2", "event_type": "market.tick", "source": "backend"}
{"timestamp": "2026-04-04T14:36:17.594762+00:00", "level": "info", "logger": "app.services.event_bus", "message": "event_published", "app": "dSFC-Quant", "env": "development", "event_id": "8030021a-7033-45d8-958a-c22425aab095", "event_type": "market.tick", "source": "backend"}
{"timestamp": "2026-04-04T14:36:17.596297+00:00", "level": "info", "logger": "app.services.event_bus", "message": "event_published", "app": "dSFC-Quant", "env": "development", "event_id": "d037da46-0d44-4091-bb5e-a25c70d9719c", "event_type": "market.tick", "source": "backend"}
{"timestamp": "2026-04-04T14:36:20.597831+00:00", "level": "info", "logger": "app.services.event_bus", "message": "event_published", "app": "dSFC-Quant", "env": "development", "event_id": "1ab26d60-8a87-4335-9fef-74f89f48509e", "event_type": "market.tick", "source": "backend"}
{"timestamp": "2026-04-04T14:36:20.599505+00:00", "level": "info", "logger": "app.services.event_bus", "message": "event_published", "app": "dSFC-Quant", "env": "development", "event_id": "b6426b69-40ce-46bf-8b86-d2fdacb1454b", "event_type": "market.tick", "source": "backend"}
{"timestamp": "2026-04-04T14:36:20.601060+00:00", "level": "info", "logger": "app.services.event_bus", "message": "event_published", "app": "dSFC-Quant", "env": "development", "event_id": "c5f94bba-4c49-4123-95d0-4d100a6a2996", "event_type": "market.tick", "source": "backend"}
{"timestamp": "2026-04-04T14:36:20.602630+00:00", "level": "info", "logger": "app.services.event_bus", "message": "event_published", "app": "dSFC-Quant", "env": "development", "event_id": "2995b818-f357-4821-a1a0-992048ee7cca", "event_type": "market.tick", "source": "backend"}
{"timestamp": "2026-04-04T14:36:23.604906+00:00", "level": "info", "logger": "app.services.event_bus", "message": "event_published", "app": "dSFC-Quant", "env": "development", "event_id": "f74f921a-a670-458d-a8a4-af443a887ee0", "event_type": "market.tick", "source": "backend"}
{"timestamp": "2026-04-04T14:36:23.606700+00:00", "level": "info", "logger": "app.services.event_bus", "message": "event_published", "app": "dSFC-Quant", "env": "development", "event_id": "a6246916-6280-499b-82d6-3b13415aa841", "event_type": "market.tick", "source": "backend"}
{"timestamp": "2026-04-04T14:36:23.608241+00:00", "level": "info", "logger": "app.services.event_bus", "message": "event_published", "app": "dSFC-Quant", "env": "development", "event_id": "92ceb1ba-f1ba-44d0-9294-8b604cbb7daa", "event_type": "market.tick", "source": "backend"}
{"timestamp": "2026-04-04T14:36:23.609752+00:00", "level": "info", "logger": "app.services.event_bus", "message": "event_published", "app": "dSFC-Quant", "env": "development", "event_id": "4fcca261-4c03-4570-82f2-1c2ac9670cf1", "event_type": "market.tick", "source": "backend"}
{"timestamp": "2026-04-04T14:36:26.612050+00:00", "level": "info", "logger": "app.services.event_bus", "message": "event_published", "app": "dSFC-Quant", "env": "development", "event_id": "03d708dc-e070-4b74-abba-56d2de70d4a1", "event_type": "market.tick", "source": "backend"}
{"timestamp": "2026-04-04T14:36:26.613708+00:00", "level": "info", "logger": "app.services.event_bus", "message": "event_published", "app": "dSFC-Quant", "env": "development", "event_id": "83e98465-d173-49dd-bfc3-8efda83a0524", "event_type": "market.tick", "source": "backend"}
{"timestamp": "2026-04-04T14:36:26.615295+00:00", "level": "info", "logger": "app.services.event_bus", "message": "event_published", "app": "dSFC-Quant", "env": "development", "event_id": "32eeb8bb-4580-43de-83ff-1c86c252142e", "event_type": "market.tick", "source": "backend"}
{"timestamp": "2026-04-04T14:36:26.616809+00:00", "level": "info", "logger": "app.services.event_bus", "message": "event_published", "app": "dSFC-Quant", "env": "development", "event_id": "3dd819e8-2f35-40e0-a166-9d7c6dec1b7d", "event_type": "market.tick", "source": "backend"}
{"timestamp": "2026-04-04T14:36:29.619293+00:00", "level": "info", "logger": "app.services.event_bus", "message": "event_published", "app": "dSFC-Quant", "env": "development", "event_id": "47911e5b-2621-4aba-8463-1985e9b8e5ad", "event_type": "market.tick", "source": "backend"}
{"timestamp": "2026-04-04T14:36:29.620930+00:00", "level": "info", "logger": "app.services.event_bus", "message": "event_published", "app": "dSFC-Quant", "env": "development", "event_id": "45c5a3ee-4115-4b7a-a62b-6697bbe8722c", "event_type": "market.tick", "source": "backend"}
{"timestamp": "2026-04-04T14:36:29.622557+00:00", "level": "info", "logger": "app.services.event_bus", "message": "event_published", "app": "dSFC-Quant", "env": "development", "event_id": "440e59f6-49a0-41bc-bdb5-852da6005d3d", "event_type": "market.tick", "source": "backend"}
{"timestamp": "2026-04-04T14:36:29.624132+00:00", "level": "info", "logger": "app.services.event_bus", "message": "event_published", "app": "dSFC-Quant", "env": "development", "event_id": "0d6abbf8-0383-47c2-8b99-1f542d172521", "event_type": "market.tick", "source": "backend"}
{"timestamp": "2026-04-04T14:36:32.626201+00:00", "level": "info", "logger": "app.services.event_bus", "message": "event_published", "app": "dSFC-Quant", "env": "development", "event_id": "545a5431-3ae3-4cf5-90d7-a0e5e9e1e4aa", "event_type": "market.tick", "source": "backend"}
{"timestamp": "2026-04-04T14:36:32.627833+00:00", "level": "info", "logger": "app.services.event_bus", "message": "event_published", "app": "dSFC-Quant", "env": "development", "event_id": "40af855d-106c-402c-a617-ad3d0b684c96", "event_type": "market.tick", "source": "backend"}
{"timestamp": "2026-04-04T14:36:32.629381+00:00", "level": "info", "logger": "app.services.event_bus", "message": "event_published", "app": "dSFC-Quant", "env": "development", "event_id": "8066a369-f6b4-4aa8-a25c-7bfcc56738bd", "event_type": "market.tick", "source": "backend"}
{"timestamp": "2026-04-04T14:36:32.631027+00:00", "level": "info", "logger": "app.services.event_bus", "message": "event_published", "app": "dSFC-Quant", "env": "development", "event_id": "8f76a228-b45a-49af-9793-22cdc483bf8b", "event_type": "market.tick", "source": "backend"}
{"timestamp": "2026-04-04T14:36:35.633155+00:00", "level": "info", "logger": "app.services.event_bus", "message": "event_published", "app": "dSFC-Quant", "env": "development", "event_id": "1bdb2dce-0c40-44bc-9627-c5b7789bd722", "event_type": "market.tick", "source": "backend"}
{"timestamp": "2026-04-04T14:36:35.634821+00:00", "level": "info", "logger": "app.services.event_bus", "message": "event_published", "app": "dSFC-Quant", "env": "development", "event_id": "ee75adee-dcd0-4842-8915-95378778fa7a", "event_type": "market.tick", "source": "backend"}
{"timestamp": "2026-04-04T14:36:35.636378+00:00", "level": "info", "logger": "app.services.event_bus", "message": "event_published", "app": "dSFC-Quant", "env": "development", "event_id": "7c2e5a98-6091-45e4-b487-c9108bdeeca8", "event_type": "market.tick", "source": "backend"}
{"timestamp": "2026-04-04T14:36:35.637941+00:00", "level": "info", "logger": "app.services.event_bus", "message": "event_published", "app": "dSFC-Quant", "env": "development", "event_id": "b3467581-6f44-41c2-bf6f-8f48a9e37e4a", "event_type": "market.tick", "source": "backend"}
{"timestamp": "2026-04-04T14:36:38.640155+00:00", "level": "info", "logger": "app.services.event_bus", "message": "event_published", "app": "dSFC-Quant", "env": "development", "event_id": "261ffe2b-fe0d-4ac9-ba58-306db1d40ff9", "event_type": "market.tick", "source": "backend"}
{"timestamp": "2026-04-04T14:36:38.642019+00:00", "level": "info", "logger": "app.services.event_bus", "message": "event_published", "app": "dSFC-Quant", "env": "development", "event_id": "a1e3f6fd-73a1-4ef6-8edd-b6dd251f7b6c", "event_type": "market.tick", "source": "backend"}
{"timestamp": "2026-04-04T14:36:38.643745+00:00", "level": "info", "logger": "app.services.event_bus", "message": "event_published", "app": "dSFC-Quant", "env": "development", "event_id": "82cf0339-bb80-43ed-80cc-1a4b327c34c3", "event_type": "market.tick", "source": "backend"}
{"timestamp": "2026-04-04T14:36:38.645468+00:00", "level": "info", "logger": "app.services.event_bus", "message": "event_published", "app": "dSFC-Quant", "env": "development", "event_id": "40b27a3b-b37b-4fad-840b-6efd27fc3ae8", "event_type": "market.tick", "source": "backend"}
{"timestamp": "2026-04-04T14:36:41.648344+00:00", "level": "info", "logger": "app.services.event_bus", "message": "event_published", "app": "dSFC-Quant", "env": "development", "event_id": "7bd7e6de-c941-4828-a092-16561a451e2a", "event_type": "market.tick", "source": "backend"}
{"timestamp": "2026-04-04T14:36:41.649958+00:00", "level": "info", "logger": "app.services.event_bus", "message": "event_published", "app": "dSFC-Quant", "env": "development", "event_id": "be4d074c-cbf8-4ea3-ae22-a2a93e86c99c", "event_type": "market.tick", "source": "backend"}
{"timestamp": "2026-04-04T14:36:41.651482+00:00", "level": "info", "logger": "app.services.event_bus", "message": "event_published", "app": "dSFC-Quant", "env": "development", "event_id": "13e3edb4-8cf7-4365-913f-3973d00e9238", "event_type": "market.tick", "source": "backend"}
{"timestamp": "2026-04-04T14:36:41.652973+00:00", "level": "info", "logger": "app.services.event_bus", "message": "event_published", "app": "dSFC-Quant", "env": "development", "event_id": "83dd8a3e-d347-4f18-bd32-570e700651f9", "event_type": "market.tick", "source": "backend"}
{"timestamp": "2026-04-04T14:36:44.654745+00:00", "level": "info", "logger": "app.services.event_bus", "message": "event_published", "app": "dSFC-Quant", "env": "development", "event_id": "0862eff1-f48f-4ec2-b708-3b0f912328f3", "event_type": "market.tick", "source": "backend"}
{"timestamp": "2026-04-04T14:36:44.656367+00:00", "level": "info", "logger": "app.services.event_bus", "message": "event_published", "app": "dSFC-Quant", "env": "development", "event_id": "6d478952-338c-4c31-8928-ecfc05c0f95a", "event_type": "market.tick", "source": "backend"}
{"timestamp": "2026-04-04T14:36:44.657926+00:00", "level": "info", "logger": "app.services.event_bus", "message": "event_published", "app": "dSFC-Quant", "env": "development", "event_id": "335b0851-4141-4733-acaa-ad1bb16265b8", "event_type": "market.tick", "source": "backend"}
{"timestamp": "2026-04-04T14:36:44.659498+00:00", "level": "info", "logger": "app.services.event_bus", "message": "event_published", "app": "dSFC-Quant", "env": "development", "event_id": "10478dd3-b12d-43a3-be6f-a13f34f0ad42", "event_type": "market.tick", "source": "backend"}
{"timestamp": "2026-04-04T14:36:47.662330+00:00", "level": "info", "logger": "app.services.event_bus", "message": "event_published", "app": "dSFC-Quant", "env": "development", "event_id": "70c75ed8-8c64-4880-a942-c769fd89f752", "event_type": "market.tick", "source": "backend"}
{"timestamp": "2026-04-04T14:36:47.663906+00:00", "level": "info", "logger": "app.services.event_bus", "message": "event_published", "app": "dSFC-Quant", "env": "development", "event_id": "87417969-7210-4691-8912-e9ea931f3876", "event_type": "market.tick", "source": "backend"}
{"timestamp": "2026-04-04T14:36:47.665399+00:00", "level": "info", "logger": "app.services.event_bus", "message": "event_published", "app": "dSFC-Quant", "env": "development", "event_id": "a8da9112-8987-4182-8386-3e69f7348421", "event_type": "market.tick", "source": "backend"}
{"timestamp": "2026-04-04T14:36:47.666981+00:00", "level": "info", "logger": "app.services.event_bus", "message": "event_published", "app": "dSFC-Quant", "env": "development", "event_id": "66506e8f-406e-47cc-b130-4e5cc32d8bd1", "event_type": "market.tick", "source": "backend"}
{"timestamp": "2026-04-04T14:36:50.668723+00:00", "level": "info", "logger": "app.services.event_bus", "message": "event_published", "app": "dSFC-Quant", "env": "development", "event_id": "464c374e-4873-4bb4-be62-057b0448ae9a", "event_type": "market.tick", "source": "backend"}
{"timestamp": "2026-04-04T14:36:50.670370+00:00", "level": "info", "logger": "app.services.event_bus", "message": "event_published", "app": "dSFC-Quant", "env": "development", "event_id": "51f486c4-86d9-4b7e-9568-30dcaa10c057", "event_type": "market.tick", "source": "backend"}
{"timestamp": "2026-04-04T14:36:50.671923+00:00", "level": "info", "logger": "app.services.event_bus", "message": "event_published", "app": "dSFC-Quant", "env": "development", "event_id": "3fad1437-7b82-4252-8ad6-d674c6f2ca7e", "event_type": "market.tick", "source": "backend"}
{"timestamp": "2026-04-04T14:36:50.673463+00:00", "level": "info", "logger": "app.services.event_bus", "message": "event_published", "app": "dSFC-Quant", "env": "development", "event_id": "15e71b40-ceaa-48ef-99f9-2d693f144b83", "event_type": "market.tick", "source": "backend"}
